User_ID,ISBN,Book_Rating
170273,9,5
92360,9,7
11676,9,9
67628,9,6
84784,1401,8
216444,1400,7
147482,1400,9
107865,821769367,10
230968,039592684X,10
2977,781805899,10
56959,20407009,10
8253,64473511,10
113371,671894455,10
153662,439417783,10
131482,446613266,10
168047,002086910X,10
52614,373764634,10
65231,451153553,10
42718,875884520,10
94513,140345353,10
140167,61020680,10
86368,425187055,10
102467,972761233,10
8890,3011241205,10
195308,449213145,10
104399,139364285,10
224904,789254484,10
98988,814604080,10
203910,671682873,10
138543,055321313X,10
162306,3453861124,10
156111,1591826055,10
244627,553575023,10
141511,039305747X,10
5669,679893105,10
123257,671640453,10
98391,312314221,10
87555,451163966,10
151098,082174562X,10
76499,300037252,10
37527,747554420,10
227250,373790732,10
88229,671507036,10
11676,590445014,10
83671,60928336,10
223253,385424728,10
217811,375760814,10
160819,142001430,10
183287,226608397X,10
28591,739421751,10
52350,2870970080,10
250413,440166462,10
109574,671880314,10
194877,1562828029,10
152464,3442431956,10
13407,1901881555,10
44296,689850778,10
166391,385490992,10
206064,765341301,10
225595,553296345,10
112136,877730059,10
37968,515084557,10
189334,394561619,10
204359,486214389,10
208147,312971346,10
56399,1852306688,10
45495,8807809877,10
20060,1556114249,10
227548,595211739,10
165308,439139600,10
107301,60976845,10
17190,696217120,10
76587,451402928,10
173359,802151809,10
196160,441731546,10
56959,961642203,10
87303,1572971487,10
106131,316779490,10
204864,553209671,10
503,385496095,10
144466,425103285,10
77980,055328570X,10
38091,451183665,10
76151,671744208,10
189607,9628606727,10
165308,051513287X,10
165232,155166657X,10
235867,375701907,10
11676,786011858,10
9504,399145923,10
106007,345348036,10
65419,312995423,10
36907,1878424319,10
8067,743469801,10
94951,441694543,10
98391,1571741445,10
182086,373035977,10
135277,688155189,10
142121,671623249,10
80684,345348036,10
91719,878570926,10
170158,2266027239,10
182086,373650256,10
211344,812515285,10
205131,609800558,10
40795,439139597,10
196317,552132543,10
247752,380718332,10
11993,960394648,10
169243,743418131,10
91449,586092269,10
73399,553566881,10
56399,1851168036,10
23872,761503714,10
31816,312954468,10
83496,670887269,10
20889,078212710X,10
238120,671496093,10
217271,553212192,10
168408,64407675,10
234286,500273286,10
243607,141000198,10
66129,877287023,10
218411,679735127,10
241036,684823780,10
40222,60969342,10
11676,067074722X,10
202212,836217691,10
27812,767907450,10
156483,515137200,10
174830,151620342,10
148898,380570009,10
111947,553569074,10
156467,380807939,10
145723,966627245,10
36554,038529462X,10
169784,446520802,10
130793,552135399,10
66942,1568362536,10
23871,786868716,10
90300,671670646,10
13273,60913983,10
124681,63120046,10
146348,786881704,10
138397,140004538X,10
222225,967025907,10
106007,835607690,10
236948,140179429,10
56271,751523925,10
242006,671670069,10
35921,679986898,10
138330,802130208,10
208141,809128780,10
76626,140445560,10
131238,439064864,10
223992,553119672,10
129690,689817851,10
95574,670870897,10
76499,521274230,10
155916,031021050X,10
40889,310926106,10
174534,155972286X,10
127826,740704818,10
85872,140430474,10
56399,271017511,10
229334,505522659,10
53775,440211727,10
188796,9757502006,10
182086,446610852,10
119179,688163653,10
69042,440503310,10
45778,300089023,10
76151,446527041,10
26583,399207880,10
218121,451518845,10
16657,0/330/25864/8,10
69554,671416162,10
107005,60930535,10
170724,440111811,10
48995,553053701,10
57959,425116840,10
189334,670870129,10
36938,067943299X,10
61965,590293184,10
37712,937611018,10
26583,771045441,10
78834,140268863,10
80061,3518280627,10
104636,64471047,10
4385,373095244,10
277523,385336322,10
115953,451450256,10
246512,042510107X,10
66599,849550152X,10
141901,60959037,10
72109,380978407,10
198930,743225627,10
40178,440049245,10
216965,380578859,10
30667,312971230,10
131154,345339738,10
152136,679751521,10
87679,849951305,10
206635,679444815,10
225199,1573221201,10
56959,385021747,10
24194,395368952,10
159471,670894605,10
134837,140283706,10
81977,894806165,10
130274,60652934,10
231210,1928591051,10
105221,439404371,10
98391,765306816,10
244420,439049962,10
7893,747264996,10
238186,743471458,10
51207,446608815,10
31556,039483609X,10
193469,553260111,10
228764,446603244,10
241980,743216490,10
67198,765342987,10
11676,446520802,10
30989,440122090,10
126531,345417623,10
109388,140268863,10
232522,1579121071,10
201017,059042758X,10
217375,142004235,10
205545,ISBN:14010225,10
248718,553351354,10
11517,965750892,10
76151,671870971,10
132846,449219658,10
102797,312241259,10
162052,806963158,10
248718,449212602,10
198726,671027360,10
154460,140513760,10
148514,385326068,10
162052,449219364,10
133348,3774258171,10
201746,671024612,10
5609,345323173,10
205473,055314006X,10
78973,836218787,10
8245,609800140,10
88229,679429220,10
203474,1574411586,10
96954,345417623,10
98443,380708655,10
31826,785211578,10
154781,60191813,10
97290,440141966,10
99441,553341928,10
51157,425110427,10
19107,679731148,10
76499,300083289,10
225199,140443118,10
171846,99727315,10
63717,6374921,10
17003,60392452,10
197659,60006293,10
176838,9510282375,10
215622,2080812386,10
218568,553205587,10
237805,553270222,10
882,425179672,10
104236,1565924649,10
57124,312284683,10
150999,1577346823,10
201792,440405785,10
105221,972393617,10
212923,380732149,10
76499,195060830,10
114368,515133868,10
98391,451209788,10
137413,3453129520,10
114868,448095165,10
48357,689825234,10
95442,385475772,10
209516,1842321455,10
92861,395381339,10
150663,688146589,10
31826,836226844,10
190085,451151259,10
133240,8466606211,10
149069,60198346,10
105374,771075804,10
106479,743406176,10
199356,316769487,10
51883,882581139,10
127233,515110396,10
167844,553274295,10
244479,8531102340,10
225379,156439611,10
128835,553213342,10
106768,425164349,10
118628,679742115,10
177374,440236525,10
246959,812574567,10
4385,373077289,10
100906,670030643,10
9737,446512478,10
195716,486275620,10
175003,394927230,10
25287,451138228,10
35704,316779423,10
100578,688039421,10
150932,385315090,10
41700,3150182468,10
226965,618002235,10
75591,1562393723,10
114865,4892372145,10
222050,055327824X,10
70,1414035004,10
144173,99771519,10
191720,344272628X,10
104571,1571741925,10
217107,61094226,10
138602,440237688,10
163776,679426140,10
136093,64407055,10
33585,385508042,10
182746,375751114,10
223530,684842696,10
107255,340461335X,10
240528,043935806X,10
95353,1571456988,10
125519,393046974,10
83671,20197802,10
138649,553581554,10
172118,014044131X,10
17003,316812471,10
178666,312983301,10
68555,684841347,10
216155,039397281X,10
43842,014100018X,10
229502,345335651,10
163358,374521913,10
168047,867095008,10
65484,425181111,10
67272,385504209,10
83743,1932128018,10
56399,140771867,10
157151,440418321,10
181909,8804478403,10
240700,64406970,10
115956,743439775,10
102702,515132764,10
102647,345416716,10
179978,525448241,10
163358,345272579,10
47279,684846004,10
204393,842329218,10
25919,380600129,10
112765,067982412X,10
23872,306459809,10
203900,451125452,10
191720,3803122864,10
19493,312181213,10
99253,972518401,10
168047,486406628,10
153662,590926675,10
98391,345459946,10
76499,865163413,10
122793,61092827,10
101851,1566869250,10
21434,696210223,10
123550,399146008,10
143308,316812471,10
217986,1567310079,10
63714,575071036,10
186570,672601664,10
171970,380732874,10
56399,933635400,10
92652,688096956,10
160434,345339711,10
11676,3453212150,10
210703,425044440,10
176838,9513127567,10
62966,037325041X,10
156467,743419154,10
225996,157912335X,10
101066,394885058,10
11676,345321065,10
222685,595225179,10
246439,451206711,10
198046,316150460,10
65258,515045713,10
135149,451196864,10
132846,425152545,10
86928,553379615,10
56039,2266118994,10
68998,373791143,10
247429,093777913X,10
507,743260244,10
205473,913780146,10
25123,345339703,10
106296,8448705025,10
218608,140242058,10
156300,856487392,10
181176,1884822266,10
146348,380018012,10
98391,373711360,10
202383,1853262919,10
185450,385424736,10
109574,969639104,10
135830,786868716,10
128506,393312836,10
50785,61020257,10
168478,1401300316,10
110785,156528207,10
98391,312332459,10
173291,525447075,10
17859,055356451X,10
58482,931411246,10
129474,671021001,10
211949,3404135091,10
104399,451167538,10
98391,743463781,10
134837,415027535,10
56959,873494237,10
35859,451206495,10
200674,553576925,10
52614,373835760,10
178522,380703475,10
43246,553350692,10
153642,61097101,10
122881,141182474,10
36907,312966555,10
185384,1930009054,10
104399,743400380,10
138578,452266858,10
4385,671775235,10
189129,026261037X,10
36836,865712816,10
146117,60926201,10
108197,439139600,10
65219,3932000412,10
53107,034541005X,10
179327,439329019,10
25601,945448872,10
204676,553278223,10
189334,761319417,10
114085,842329293,10
98391,1401300251,10
105214,345444884,10
248464,446517224,10
48929,440216109,10
110608,440215625,10
209458,445406518,10
15589,2070408507,10
31671,375703160,10
111847,553576925,10
26443,2080702424,10
196148,836218353,10
76499,013718123X,10
239626,671776975,10
78834,786867647,10
52614,373791151,10
196148,1560973862,10
7915,440215625,10
86947,253181410,10
76499,393974065,10
245295,156012197,10
3371,70212570,10
46398,345316509,10
208555,1929998368,10
204864,821716867,10
5582,385285019,10
146230,899544266,10
182085,1857994353,10
211922,553574574,10
79540,8804515821,10
145449,385065396,10
135149,452281369,10
239630,2253152188,10
16551,440211727,10
127026,3817114206,10
150928,826328091,10
49155,385730586,10
75591,1555837336,10
31826,037540435X,10
105937,395927218,10
205980,375727345,10
223862,084236661X,10
18366,486287475,10
50104,307010856,10
63714,072141107X,10
104168,340657367,10
239736,836213319,10
118677,155874262X,10
63714,749614692,10
183187,671519816,10
56399,593048784,10
244420,553578308,10
149069,316693251,10
74287,B000069HZP,10
149908,882951009,10
208907,051758932X,10
6251,425103285,10
142074,689848668,10
107305,60166037,10
116904,60199652,10
231357,743246071,10
112761,373790961,10
43157,553274325,10
230030,068982453X,10
18309,2266124870,10
105298,740706098,10
114728,446671002,10
111847,449227944,10
116904,439064864,10
196148,836204387,10
107645,8422686635,10
209516,425162346,10
134092,812918169,10
63714,575056991,10
125519,890819769,10
228998,345391802,10
31308,743444469,10
179718,679436642,10
50526,891074090,10
105227,9684030053,10
41013,446607657,10
167455,068486343X,10
55927,689829574,10
158655,441102670,10
170073,000710068X,10
210597,946609691,10
54392,553569910,10
147224,345424719,10
148804,786868716,10
68760,882435205,10
120892,3257229534,10
173632,3522128001,10
11676,1558215204,10
95301,740733710,10
218753,1854796208,10
44756,451402340,10
141423,399232079,10
182085,446364290,10
53174,886776554,10
246311,067162461X,10
57627,8800643108,10
102647,441005489,10
4157,1881320502,10
2033,875962432,10
219683,1567310079,10
50321,8422631199,10
67198,786918047,10
83671,898653428,10
98391,778320782,10
184885,590660543,10
224525,9758212583,10
162155,679764070,10
240370,394756827,10
125519,60557257,10
242006,671871005,10
57999,380798298,10
56959,525475745,10
55892,740728946,10
153662,449005852,10
85993,1555031315,10
205708,344272144x,10
224525,809463490,10
234828,441008615,10
208221,553573357,10
152514,373024630,10
172742,395440939,10
167600,671874535,10
35859,60245603,10
97874,446611867,10
114772,671501283,10
4896,9739601154,10
162639,823401898,10
56399,918736358,10
113661,156628708,10
138883,1556616732,10
55187,193156146X,10
56271,747546940,10
230627,380716542,10
179718,553265741,10
185233,043935806X,10
126395,1578561256,10
223469,60529148,10
120565,446514381,10
91113,345361792,10
216466,425191257,10
6532,886779146,10
101550,679779973,10
163925,749336021,10
234127,963487167,10
55438,385044011,10
248221,316082589,10
37425,155316525X,10
78553,380871556,10
190409,385314043,10
196077,689806590,10
35921,439042445,10
44535,553560670,10
247129,451458338,10
219683,520217551,10
187763,553375407,10
11676,525237704,10
46145,804115982,10
108243,60561572,10
166733,440219078,10
89891,8472832082,10
11676,330488813,10
62837,671011367,10
181176,446605239,10
72451,552131075,10
196886,836217691,10
147372,452282152,10
27140,140291822,10
58961,671878646,10
236283,345278313,10
141601,2070419592,10
36554,525482334,10
83287,345413903,10
141157,811808424,10
17003,60921145,10
238711,812574982,10
200226,448080109,10
170724,1551668769,10
104278,425192083,10
140080,330391933,10
133689,425107469,10
29209,802139256,10
54026,080506284X,10
182330,971949565,10
168317,252062590,10
206865,225300396X,10
51883,696206137,10
138367,380599317,10
66805,972460136,10
31391,765300346,10
4385,373222823,10
62303,140126716,10
171359,380799383,10
23872,689806973,10
82723,64461033,10
122096,446364622,10
204803,451525795,10
104304,609809547,10
7310,974087203,10
15418,316358495,10
76116,62516329,10
223787,1573225312,10
11676,944002153,10
135265,425193039,10
114107,399212124,10
96473,3446197745,10
69093,440219078,10
201383,553578227,10
6251,679411089,10
638,316693006,10
44286,515124206,10
222204,442254288,10
98391,743246438,10
99026,61020702,10
159040,394820371,10
244627,345409973,10
177590,670878103,10
97290,451411013,10
227539,3596130735,10
49262,946719632,10
98391,451210727,10
77110,393090892,10
16718,684845067,10
220095,316570826,10
70594,1550415328,10
58565,670813648,10
36836,226020452,10
19336,1578561256,10
8937,671510053,10
238246,038542017X,10
239584,743202198,10
240401,553105639,10
76499,140436782,10
165308,440415632,10
39219,786013567,10
245827,316693715,10
153927,842329293,10
55272,140242058,10
206534,440977096,10
234288,446400882,10
22676,812541642,10
201766,571081789,10
224895,460877356,10
25919,451527364,10
147420,553279378,10
96473,3473331252,10
11676,744552753,10
14521,553250256,10
47316,671004530,10
201763,61062596,10
249894,60248025,10
7467,802130208,10
152742,60173289,10
202267,64401480,10
16161,749918241,10
224342,553802496,10
84269,671510053,10
51983,425156842,10
137138,345418913,10
165507,3453170709,10
37605,380730359,10
56399,64409430,10
245371,446310786,10
62423,446520926,10
35859,1405414022,10
31386,345450183,10
7286,140502343,10
29380,3453152743,10
163307,64440559,10
85033,60008873,10
92578,747403902,10
12866,310209307,10
6689,486285537,10
277538,911913009,10
134599,1591821347,10
1797,7683022,10
203764,380732211,10
101851,048623004X,10
231270,552139262,10
126653,006101351X,10
61147,3704016632,10
76499,140481753,10
194653,8880897187,10
78553,345287452,10
197659,764222856,10
127914,553278223,10
232709,312195516,10
221948,618526412,10
231896,28644557,10
36609,743454529,10
11676,590494465,10
205765,312305060,10
141902,842329218,10
188303,889995621,10
97874,446676098,10
227250,739428926,10
91631,1566400201,10
61147,3440058344,10
75081,156170640X,10
81855,590660543,10
77471,155874262X,10
78469,312890559,10
98263,70212570,10
183,16560/87,10
222105,3476017613,10
11676,068825294x,10
59172,425081796,10
36299,1580760945,10
117539,805063897,10
68598,440223237,10
160558,553213156,10
249026,786881852,10
181532,898706874,10
69042,345253736,10
153662,590480537,10
156432,312420315,10
116786,082530217X,10
242465,529033852,10
37712,60924837,10
194352,140293248,10
128060,72127066,10
56399,042515260X,10
222034,743457358,10
62860,307203115,10
204978,451158237,10
201768,373790732,10
97754,517182661,10
86488,1880418568,10
201783,039480001X,10
7887,684872153,10
222050,068810312X,10
208141,439064864,10
32805,609804138,10
11676,671631845,10
156111,1591826039,10
132836,1561580929,10
27140,446607436,10
110934,440204399,10
20115,014025448X,10
125519,1880461021,10
23725,8589362140,10
197659,60256656,10
205843,1853260177,10
54898,767903854,10
96502,965693260,10
206202,753100193,10
16795,877017883,10
52968,451628268,10
8454,1400032717,10
244964,754014738,10
71612,9722511971,10
198930,393322114,10
226965,042513699X,10
13850,877795096,10
234954,156005204,10
163462,787947350,10
11676,61040347,10
141491,679447156,10
143253,451188470,10
171738,8806146343,10
173291,945051255,10
80810,345423615,10
161912,385492081,10
92861,380480662,10
209516,156711427,10
22526,446363251,10
249953,312868863,10
25695,074341182X,10
90174,451119398,10
208600,037364292X,10
76499,586092242,10
97423,316182540,10
60337,60922249,10
110912,374157065,10
118603,812234316,10
135624,140622306,10
18995,590962736,10
182053,64400557,10
62511,515136182,10
206294,044661193X,10
211919,440508975,10
245645,440407524,10
183272,1880418568,10
40889,515122734,10
67627,689831420,10
203074,157859054X,10
56399,99558505,10
146078,385511612,10
247240,64471195,10
26696,380729105,10
193151,307628442,10
155141,451209028,10
49277,312974698,10
116599,039482492X,10
120396,61030597,10
204359,553106643,10
12824,1931514151,10
5850,375706771,10
18309,2501003748,10
17190,1578565308,10
20172,140089128,10
38273,836221362,10
211353,439106648,10
115503,380718340,10
138578,312265719,10
138995,886779308,10
87555,1561385239,10
195694,743427998,10
88412,014043223X,10
179885,553273701,10
24440,9724120503,10
26813,8820027666,10
31826,696001055,10
245295,1880325055,10
56399,187143890X,10
90721,671024388,10
56399,312961006,10
230522,446323861,10
247829,743418190,10
56399,718143493,10
133296,515134457,10
77834,807083054,10
197909,1567184421,10
173835,312205406,10
236845,1571743235,10
161974,849943477,10
196857,140042520,10
98391,373691734,10
203074,375811664,10
135703,345403959,10
201969,771055706,10
149907,380700999,10
236668,141301104,10
128208,446672211,10
152514,425177351,10
115490,449212602,10
88733,679419616,10
130177,609809237,10
141493,1558745157,10
41111,375756981,10
11676,2213009449,10
35208,425177173,10
125878,1573229725,10
31826,553582747,10
81015,441009077,10
182053,440775191,10
104113,316769517,10
98628,312983131,10
125303,762416718,10
36715,553212451,10
56399,852190948,10
100906,671034758,10
198930,4840211884,10
172676,815713088,10
23571,1929001037,10
89610,8804489243,10
109574,66238501,10
171445,142000272,10
183729,60938455,10
176667,60001453,10
72038,8821526623,10
142524,399141308,10
17949,671730819,10
93098,451407830,10
145161,086318328X,10
244627,451208765,10
94347,1891241087,10
102532,8496246299,10
177660,2253044903,10
105664,812550706,10
209563,156836010X,10
233810,689849176,9
142524,385482388,9
197304,888451049X,9
205919,425102416,9
98391,446531782,9
236994,039914126X,9
59799,590624008,9
213628,812571991,9
119891,7123817,9
161533,60987103,9
182085,786005181,9
26387,449221180,9
213410,670899771,9
125774,553350374,9
183,9728440138,9
101369,60005548,9
98391,971925909,9
149756,425174484,9
161961,679886370,9
55187,943026024,9
231351,451134702,9
180586,446350982,9
201058,380974991,9
132687,671250671,9
164252,684871270,9
181496,312986084,9
135265,380756293,9
11529,380719185,9
206534,385509510,9
135458,345423615,9
98391,399148892,9
247447,60541741,9
26248,446522740,9
63714,716760231,9
138132,140003185,9
153322,1931229120,9
178920,385729340,9
172888,2070300668,9
59727,385335482,9
28451,373483899,9
136010,345384466,9
11676,802843204,9
177374,373239963,9
243360,671690094,9
28890,1550223208,9
170118,8429742999,9
25919,345452534,9
127914,425153061,9
24995,671027387,9
137688,60958022,9
44368,345427637,9
25583,446611778,9
197659,870440837,9
63854,871139006,9
25601,684818442,9
199025,1568651589,9
78471,671886665,9
38654,689854595,9
121986,743436210,9
153662,671744607,9
34801,142002631,9
236149,044153720X,9
94787,043935806X,9
95359,70212570,9
88288,312962835,9
81249,1573228214,9
53476,553582917,9
106534,3518367749,9
147644,446676640,9
218240,074323443X,9
212642,312043392,9
6563,670032379,9
245410,1576106179,9
153662,380779625,9
210485,452284449,9
16795,440114756,9
3463,842372180,9
247752,451204301,9
153662,140380361,9
84584,9060052420,9
110890,158574297X,9
135061,552134651,9
43426,60930535,9
128913,075285111X,9
97170,957322385,9
178753,451209907,9
25409,71350055,9
223190,1929180128,9
6543,61031550,9
250683,446602868,9
240235,312205406,9
147404,671727796,9
193428,60519134,9
121726,2070370291,9
33773,553213016,9
114988,140220096X,9
192710,156027321,9
222204,671655795,9
149544,2744153265,9
173415,140184953,9
32773,307244113,9
214695,385497695,9
233294,505524740,9
226517,192818260,9
39311,140042520,9
192211,517571579,9
57913,312278586,9
97290,440171970,9
55789,380002930,9
98391,399149392,9
153054,743246071,9
153662,881764884,9
98391,842384103,9
55858,446604801,9
228768,452255449,9
42999,1551662604,9
23872,671568175,9
120860,60964049,9
208406,929264576,9
213476,3442455154,9
181886,855611057,9
103541,3453123859,9
236959,4817090014,9
247783,380723816,9
43246,60283130,9
101851,877735441,9
79146,61098035,9
101851,4789000680,9
81268,3423117370,9
166391,446606383,9
144531,898159954,9
189334,553268880,9
206013,1860499619,9
118135,752526774,9
38726,812969812,9
10509,553575937,9
85161,140132708,9
16795,142000205,9
146348,60806982,9
179939,8484503984,9
36836,1557040842,9
69697,671019627,9
118135,9727476007,9
33974,871233428,9
101606,486264653,9
189334,891346244,9
104636,671010123,9
47316,440967694,9
94242,9505156073,9
60244,62512897,9
58594,515134384,9
155027,879518081,9
95379,954143205,9
129843,451525884,9
75819,201622920,9
163973,553278029,9
80908,8427019092,9
172331,140434186,9
8067,373708661,9
207246,618070346,9
131402,330312367,9
184365,380564998,9
19681,373027559,9
130581,316693286,9
135149,671873164,9
110483,553572377,9
36299,465014909,9
216829,345376714,9
94853,590322850,9
109692,800753038,9
235282,62509594,9
153662,140303006,9
249900,142001430,9
139827,312990456,9
226069,380787075,9
98391,446677043,9
153662,1565653874,9
39467,312421273,9
71459,380789035,9
176804,1929090307,9
155580,316781142,9
32196,553252429,9
140758,50042874,9
14571,140195831,9
212797,553582755,9
210822,385308426,9
32440,708830021,9
98391,743475534,9
176494,399145672,9
8695,425132935,9
117577,440226430,9
228445,553296124,9
86055,345342968,9
124363,312986734,9
224108,451193334,9
42831,312166818,9
159308,864426879,9
171118,811802981,9
236931,316154059,9
143415,037582233X,9
42410,767905385,9
174157,399151613,9
6440,8420636282,9
96357,1565123778,9
119575,1558749780,9
96528,1565122178,9
193560,340173068,9
242083,671530895,9
11724,446341754,9
18913,446606812,9
94853,600594246,9
33145,2845470509,9
11676,1551666685,9
227702,312305540,9
41700,3404604733,9
222354,451524829,9
99946,743436164,9
8284,515116386,9
81950,340040181,9
179915,8466300651,9
75081,670869902,9
144925,786880007,9
209204,140714189,9
216829,60616881,9
52143,316777722,9
11676,3552052054,9
84867,3423119160,9
805,039592720X,9
21685,34911392,9
98391,515135216,9
246513,1570613818,9
124089,553375261,9
121424,590108395,9
115929,1551669390,9
8890,274272494X,9
218411,158234034X,9
19923,325725010X,9
110483,590442481,9
179718,373221754,9
144524,397301103,9
202564,770422632,9
134922,081257558X,9
23902,1588278603,9
237740,399146504,9
224711,1878067745,9
244139,3257202040,9
112977,140283641,9
124915,771060548,9
136491,439136350,9
146230,380974061,9
201740,1551660717,9
192093,375759409,9
87141,72131829,9
204929,446355569,9
112001,671003755,9
173933,312147015,9
8971,262560038,9
50895,316603287,9
224349,500281505,9
166922,140620427,9
162639,439136350,9
248718,785800298,9
6238,804115613,9
104098,517595338,9
68657,595175015,9
145887,380728133,9
130741,140217754,9
202963,932379397,9
232740,586087060,9
134311,080411918X,9
163676,425169863,9
98391,821775170,9
187379,8485815513,9
231857,340739762,9
25131,670852147,9
215609,440203856,9
179860,553214187,9
66797,30621577,9
19085,451135318,9
234893,446604666,9
42410,345413903,9
7400,679764003,9
153662,525245529,9
86051,375412824,9
215749,8830410373,9
98391,425181685,9
11033,684849046,9
119146,877851794,9
235117,842335714,9
56271,91881153,9
176406,55214614,9
171118,140554556,9
162311,316569321,9
109955,515118907,9
16795,743418174,9
237990,446610178,9
102955,786889020,9
231001,345417623,9
104880,752536966,9
7547,3548256910,9
44920,452282152,9
171079,676975658,9
3488,345391810,9
131441,2266120166,9
240700,345413377,9
30735,439064872,9
16634,312980167,9
215148,425080021,9
243745,8429737502,9
229409,743444507,9
58156,812548116,9
193895,140276777,9
23511,807029181,9
11676,399140506,9
114865,586037950,9
127384,425155412,9
215737,441008615,9
70594,1550547372,9
112001,451205421,9
185437,375706771,9
67079,708849458,9
20336,671003755,9
161755,446603422,9
209875,805056491,9
94525,3930799790,9
212797,671024248,9
114146,416645704,9
151546,3792000318,9
69389,312265840,9
213915,1857029402,9
117924,9722321927,9
95506,786817070,9
218411,743210611,9
138441,788769049,9
162738,61005126,9
15849,679738282,9
35185,1564584968,9
36554,345280008,9
227705,571084834,9
11676,786885688,9
43246,1853261912,9
185176,672317249,9
76626,99839407,9
176668,764550934,9
27081,8430603107,9
38703,1573225789,9
208095,452262496,9
95565,399142983,9
224768,345435249,9
227413,446604089,9
174304,920668364,9
204186,394750802,9
201548,3404121686,9
235105,449212602,9
121869,3746619173,9
121251,380763664,9
47315,60191961,9
60331,609605275,9
126196,452282934,9
140685,871565099,9
218970,440226430,9
137627,963057049,9
164828,373691300,9
181320,553274503,9
25850,044651862X,9
235506,385504470,9
98391,765302977,9
68128,440220793,9
97710,522147680,9
183287,2253033138,9
188696,446400335,9
193458,140620125,9
205565,3472613688,9
95921,571206484,9
100906,1887178384,9
187145,207197164,9
59391,316666343,9
169779,380792893,9
18850,3932784863,9
211391,684831546,9
81287,671250671,9
242878,440841216,9
134031,152050167,9
130048,749398329,9
222204,441003729,9
243759,446608815,9
46767,440234743,9
235105,60554800,9
177237,743411250,9
230428,037387216X,9
102705,1552780805,9
62929,451212401,9
201519,140195823,9
103869,553289691,9
230712,767900383,9
31418,143014315,9
55492,1889140112,9
168816,385299079,9
131238,439270618,9
183101,679752927,9
163319,553573403,9
8066,1578194547,9
172888,2743603445,9
7346,043936213X,9
30447,6392962,9
58459,553580302,9
102800,140045279,9
207926,61000280,9
76223,088038672X,9
125736,684171619,9
37644,084233226X,9
229015,439235669,9
210174,425175464,9
89412,99429284,9
11676,449701301,9
98391,9375506276,9
60337,323018963,9
116599,037376491X,9
244171,316769495,9
163430,515110132,9
60707,380814021,9
244171,752553526,9
53042,671881841,9
37699,345443284,9
225595,067173458X,9
235498,9895550138,9
249894,553234609,9
84567,2237000700,9
22365,671617028,9
85526,486400778,9
117227,044020254X,9
168036,61032034,9
98391,765307855,9
74827,590376195,9
72327,087542791X,9
182884,671885170,9
238065,375706771,9
8599,345441184,9
44389,074322535X,9
238114,1893554732,9
19681,373484003,9
41781,786868716,9
168047,399217258,9
178522,380707837,9
164418,1556610661,9
98391,443403428,9
6563,345450698,9
172742,394701577,9
120873,816638071,9
77499,553104241,9
2766,842345523,9
55097,312952988,9
98391,553803417,9
198982,340653833,9
198487,1558216820,9
160334,375726403,9
113955,590542095,9
95259,61040347,9
225986,4723708,9
159475,11254041,9
69971,142001740,9
92853,679744398,9
95991,140003180X,9
175636,449703401,9
221445,439087171,9
146298,2266078038,9
194799,1575664399,9
188548,553378376,9
98391,553583441,9
169233,312954468,9
134562,684195976,9
55187,553280848,9
167746,671452177,9
57423,051754489X,9
17183,8497590252,9
133037,64405842,9
205708,60987324,9
35859,345391128,9
179718,394583892,9
145109,553577905,9
7218,767902521,9
105262,451522273,9
60080,671016784,9
117929,949179087,9
138578,60175400,9
8890,3011040625,9
11362,067162461X,9
222680,671721631,9
209540,425178765,9
38590,073942114X,9
58067,451163966,9
4157,140096922,9
98391,399151869,9
162641,1400042577,9
505,805056491,9
98391,312284497,9
31556,800781562,9
235105,312323476,9
23666,055320596X,9
36554,671507729,9
208671,931674085,9
81303,671749412,9
174892,345435796,9
237715,446516325,9
113990,451456688,9
60337,836210123,9
18296,345339711,9
187333,8422697351,9
88283,60977027,9
69697,451166876,9
93363,880708859,9
102945,61098035,9
79687,3453863712,9
28634,044023722X,9
172061,1575667223,9
52283,446608815,9
205634,812589831,9
17460,380807068,9
104337,609808893,9
123597,415905192,9
186533,034538475X,9
170118,8483101343,9
40889,60969350,9
162639,155166674X,9
52987,971004218,9
234597,8819009897,9
185384,849915074,9
79266,446306177,9
56554,515102636,9
8890,3021015211,9
208410,1981307,9
223190,051509465X,9
110973,451458044,9
95902,8488730535,9
126693,684834723,9
711,330367358,9
60244,688152449,9
8695,425120015,9
66455,440211727,9
79441,1571458506,9
142408,425163407,9
222050,140266933,9
142583,385509456,9
154345,140266771,9
83069,99429799,9
98391,553800957,9
709,1562477528,9
198755,679454454,9
97729,014028334X,9
132282,451166582,9
101851,874312248,9
60244,140328696,9
277662,886777011,9
198012,688093043,9
212240,446527084,9
197659,836218973,9
247447,671034014,9
221040,038542017X,9
202073,067931105X,9
55492,60283130,9
170158,2253061190,9
139779,743227441,9
194783,3458319530,9
138985,689838581,9
174231,380791412,9
65913,60504137,9
126812,671458531,9
224427,440225701,9
84122,8476001428,9
206775,224063782,9
179327,671004107,9
189296,553569155,9
12824,1591822416,9
44756,451406176,9
130837,449907481,9
123553,6541569,9
25409,425184420,9
110973,449144143,9
3344,1400034779,9
69697,843949090,9
98391,804119643,9
136139,375727345,9
246470,1551668300,9
60244,943233828,9
16446,3423203668,9
62621,1573225789,9
63714,1855013150,9
63714,722121083,9
30810,3442449251,9
191253,031600023X,9
60244,765342294,9
62966,375727345,9
15670,316153915,9
177432,553293354,9
171986,718131797,9
77636,312926294,9
80555,886772540,9
77591,345391055,9
11676,038533558X,9
90105,2253150711,9
171038,671038567,9
100906,811208842,9
42635,385509510,9
81492,883659654,9
161480,284172039X,9
144348,316602906,9
124078,60961325,9
250600,99283549,9
165606,575074019,9
33124,515130044,9
234174,446610038,9
105743,3257008198,9
44252,441002536,9
43306,553100335,9
171602,140129871,9
65258,068487217X,9
150587,743467159,9
217958,039914613X,9
70189,067102423X,9
243360,006000570X,9
93426,1929462093,9
166123,441001971,9
37644,679738908,9
36837,055358183X,9
75591,316314862,9
52350,963205439,9
63714,747802653,9
38162,312169701,9
109326,345442822,9
61427,141311967,9
173679,380789035,9
150979,385730586,9
137397,2277300020,9
14079,8432215007,9
161789,345402871,9
226349,671723227,9
163973,380717018,9
195455,1879682680,9
69810,836220625,9
97972,140620249,9
39396,60955775,9
3840,399147853,9
143571,451188721,9
27204,679419454,9
98391,1551668386,9
136267,2844141374,9
83283,380792648,9
144585,842391870X,9
30810,3453864999,9
105028,141311312,9
128732,553582747,9
120610,184149058X,9
18366,486270521,9
163851,451166892,9
200444,345424603,9
54006,99800209,9
130022,1841954314,9
38789,316782505,9
249898,9600423660,9
85656,1584855185,9
55861,805009027,9
180280,345313088X,9
186736,9839598149,9
112001,743203631,9
277427,802425488,9
11676,61056871,9
94985,067972477X,9
61481,8479534451,9
250683,486276880,9
36380,8432216062,9
16634,553011596,9
46548,609804138,9
164552,743453913,9
171970,067169507X,9
179534,394517482,9
101851,761543228,9
117873,385509510,9
25409,038071129X,9
62761,385492081,9
25409,380808641,9
2110,373638078,9
26922,3453056604,9
11676,451523326,9
229862,1931484759,9
29888,890190372,9
151576,446359637,9
153662,373704631,9
37850,8420646679,9
44264,553213105,9
226127,8845914305,9
11676,352315326,9
56623,618129081,9
129074,553239317,9
16601,60186380,9
137589,394717155,9
203764,451183665,9
37584,441003257,9
63714,1898323887,9
8019,517422840,9
144555,345417089,9
201976,316284955,9
134163,679446699,9
109380,380805995,9
221967,067976402X,9
237474,676972853,9
193560,552081868,9
7056,747532745,9
196077,395294630,9
128404,425115801,9
88937,679751521,9
127129,446611867,9
135703,067168454X,9
52199,373289200,9
189334,890875057,9
222054,4869341088,9
174793,671753819,9
130571,679442588,9
95738,887782512X,9
11676,689808526,9
88755,446524131,9
171968,786817070,9
199178,1573228737,9
222050,312043546,9
11676,375422579,9
137919,60928123,9
42323,553107305,9
92696,140254544,9
153950,156028778,9
190422,7141076,9
23768,60391839,9
85526,679310037,9
172676,312176732,9
248221,859763625,9
141901,380726262,9
50951,553280325,9
98887,396088708,9
109040,2253048852,9
53456,031231616X,9
180651,061326892X,9
26516,440224403,9
224138,61097101,9
98391,380815583,9
247998,312983298,9
104554,2080710095,9
86841,671003755,9
110973,451124340,9
147649,2277260029,9
47779,64441555,9
124089,075064575X,9
94303,399136150,9
120588,345427181,9
51165,044020447X,9
205943,1560526084,9
162738,345260406,9
157247,553573497,9
120588,034542719X,9
56280,552138916,9
12537,440800544,9
124688,99450259,9
240403,763617229,9
146113,553560247,9
242273,62516752,9
55784,440221099,9
187145,452269563,9
138849,425175367,9
202177,345427513,9
243448,446611662,8
99322,671737635,8
126296,425184749,8
179734,380012863,8
118135,9722312413,8
24790,345443284,8
54335,671027387,8
142837,631180281,8
107784,373705018,8
247129,446606189,8
232838,067103619X,8
98861,671047345,8
95867,425173755,8
248718,486245349,8
53220,671024248,8
83443,316155306,8
83287,441092373,8
36824,375703063,8
170092,826308252,8
122793,067697094X,8
162001,345353129,8
213126,60529709,8
222220,446610038,8
143175,1570960151,8
168590,8437600537,8
69405,446527033,8
44482,1932205799,8
225232,140037020,8
241726,440229103,8
50797,349101779,8
41461,446610100,8
210498,446525804,8
249766,051513225X,8
123824,446605239,8
64198,816743231,8
200408,2731219815,8
87141,679016104,8
1424,156001314,8
4114,441172717,8
100004,399146652,8
221946,99280361,8
153662,688088376,8
171728,452282829,8
117115,60917016,8
238864,014100892X,8
241799,515119784,8
229496,552140295,8
240144,140296441,8
72742,1558746692,8
35859,051513449X,8
104399,385246501,8
741,130139165,8
151702,671001957,8
203401,345428145,8
130049,1558744606,8
133284,515129240,8
158387,1570624240,8
224108,679444815,8
6792,1930722109,8
226616,671867172,8
39212,2311216,8
221687,848722019,8
14392,679410325,8
98263,1558320261,8
28204,451168690,8
70574,871134640,8
82831,1571515933,8
105795,8440222149,8
153054,034536998X,8
158295,345402308,8
64905,312977026,8
127481,553272535,8
63329,440166497,8
6543,446604658,8
63714,096305810X,8
37208,312966091,8
60797,6511252,8
88146,671003755,8
194606,375707972,8
143689,676971709,8
69971,553296590,8
137319,3442722497,8
108799,670886408,8
145673,190085032X,8
43004,312966652,8
11676,843939028,8
181687,767905180,8
59971,1400100976,8
78973,375704892,8
210097,553578243,8
63714,192875566,8
169884,671758527,8
224349,1550133756,8
192119,451452011,8
99644,425187063,8
194519,1583222618,8
233526,553569155,8
208310,385486804,8
145109,345438353,8
209985,038082101X,8
138543,64403548,8
35631,385424736,8
98391,312287798,8
198004,8432048682,8
93047,553564471,8
2766,440211263,8
19303,679430946,8
101324,770423000,8
42323,345449711,8
214212,451206460,8
10819,044040665X,8
98263,825625785,8
163851,425130282,8
100846,345382323,8
31144,440918057,8
162590,60264594,8
20961,380715015,8
204864,312873840,8
250508,1857977572,8
193070,068484477X,8
245410,312980140,8
112731,140074937,8
123143,884042839,8
114597,385301499,8
121208,689812361,8
122037,3596139333,8
69697,553574108,8
103561,140023747,8
150799,806525908,8
208019,713723637,8
2276,671833987,8
142745,009188800X,8
277427,039304016X,8
101851,517561247,8
177458,1894917022,8
245410,760712484,8
230772,425133516,8
35407,3423109033,8
156606,385265700,8
126492,684853523,8
163695,771028660,8
36506,345380371,8
54873,316738956,8
167556,385483295,8
214657,553277405,8
11676,345350472,8
133689,679746048,8
210923,345404793,8
81646,345370775,8
173455,1592640354,8
179339,048627263X,8
131046,2550563,8
54492,842329250,8
178035,671016709,8
2276,553290797,8
74659,886773784,8
244892,552996009,8
108405,553572326,8
91478,898866472,8
98391,373272758,8
178522,679452354,8
180280,3446202153,8
181165,1888314001,8
204909,006017143X,8
246582,8881110288,8
208671,1558745157,8
2766,60235330,8
247890,385720467,8
245604,375414657,8
30408,312283423,8
138941,451406095,8
230522,786016124,8
119759,60915544,8
135149,451456645,8
79266,449219461,8
181691,553573926,8
226492,3426011778,8
216495,849942411,8
205943,953920402,8
183524,375757880,8
110973,140254900,8
128434,226067114,8
177432,553260111,8
114893,99928302,8
35484,3492265014,8
37447,345422317,8
134837,140268022,8
2110,394707745,8
86489,385265700,8
178136,345409574,8
125538,440212561,8
240829,380711923,8
222050,28623460,8
128835,60175818,8
164096,192815970,8
107784,451172817,8
129008,051513306X,8
197659,812579569,8
19515,373242417,8
124983,679745580,8
112507,804105820,8
171118,451626370,8
39616,934748365,8
143253,763615064,8
123738,375706771,8
198046,676972411,8
134434,312421273,8
140036,1589971272,8
12194,679723005,8
53241,449910571,8
224754,749311800,8
277629,440241073,8
56271,330306839,8
213349,786867647,8
22657,812522966,8
66663,3436024201,8
240043,452282152,8
69389,553269224,8
172171,553582755,8
159858,812570944,8
131441,2702423272,8
209756,440223571,8
150554,689821867,8
164323,440131480,8
98391,312878761,8
69086,3897212137,8
643,140482202,8
24313,897330137,8
199016,055357258X,8
37950,141301120,8
152483,038082101X,8
10215,1853260029,8
227942,399143769,8
91532,039304016X,8
29101,61030651,8
177113,425154092,8
228477,743206045,8
198012,486287769,8
45134,380974657,8
166955,9726627052,8
228764,038079828X,8
159817,451204956,8
24509,375404481,8
86973,140081038,8
158157,676970796,8
181077,1564588890,8
221732,006102063X,8
850,3492229336,8
75081,140255117,8
27149,442017707,8
145689,937692115,8
3694,446523569,8
72940,671215485,8
196443,679411607,8
129008,439404371,8
89192,9020407619,8
102359,1568650779,8
248000,842329269,8
132224,380793474,8
127029,935182047,8
187145,380973820,8
155009,743449371,8
93711,373227639,8
139513,8804344024,8
208602,60508183,8
158421,1899571027,8
239927,670893757,8
42914,316769509,8
64652,803251416,8
70594,62514539,8
157065,3442451353,8
189334,671807919,8
83314,3612650025,8
30985,397312113,8
138995,446610399,8
11676,1584855185,8
161309,385312660,8
189080,395329205,8
70448,806906189,8
164533,158542269X,8
203421,517120674,8
114374,425152499,8
119319,1853262323,8
183985,60927240,8
200226,515122734,8
166825,446672211,8
193420,440241537,8
111847,440118700,8
95913,378910566X,8
144718,2070370364,8
156483,037371209X,8
33124,440225825,8
206932,842970941X,8
221732,812507479,8
233117,804106304,8
75154,671021001,8
161037,440221080,8
236058,743400585,8
64800,767902521,8
233312,452284554,8
129074,671464817,8
147414,394570553,8
33315,140481702,8
238887,590228544,8
48095,886773784,8
67415,446612545,8
105441,426107942,8
68249,684842106,8
14422,394572343,8
30735,880707658,8
223644,517625423,8
105100,575400188,8
59912,192816209,8
248718,812562615,8
225232,436201216,8
41676,07860329X,8
236754,380789035,8
191819,879055944,8
14449,157036057X,8
238613,446605239,8
97324,821226959,8
277203,717284832,8
70541,452284236,8
142479,038509423X,8
16634,671249886,8
11676,553297988,8
210959,394758285,8
41781,312982615,8
174817,61098760,8
80105,425057429,8
115998,038529929X,8
231281,345303253,8
127131,452285178,8
53418,553213059,8
85526,393040771,8
142524,802130208,8
138844,055327130X,8
240568,451166604,8
16451,1582342119,8
165964,880781210X,8
48025,671020943,8
108336,192835475,8
277639,345346777,8
211607,375507523,8
111286,156028778,8
232708,425182886,8
30806,140060057,8
158295,399147357,8
55927,590228544,8
121559,767903382,8
187990,312265840,8
10477,3596143500,8
175123,449221490,8
83671,899661025,8
173650,553572946,8
52044,60907010,8
139913,451199685,8
5385,684841827,8
60517,812511816,8
33557,553575260,8
217566,553487159,8
850,3426701448,8
204117,515123471,8
229611,345340906,8
191575,840730675,8
88565,375414517,8
33145,2020247437,8
162052,553296981,8
6543,312980140,8
30511,99274086,8
113270,743418174,8
204972,3426619849,8
3757,8432222496,8
238541,345337662,8
217121,743207475,8
16795,451200152,8
108997,30595746,8
23902,3889890377,8
34460,812571568,8
16634,517577402,8
112814,3257233256,8
195694,069452364X,8
130518,440217547,8
99041,61013420,8
203820,8427202768,8
32721,99464810,8
94242,8423654966,8
97855,9727470041,8
24585,425164772,8
225232,330304542,8
26751,679733957,8
187731,671042556,8
69355,395650259,8
88733,376025050,8
180586,61007129,8
39438,2234015634,8
122429,068484611X,8
138045,671025333,8
227501,671686151,8
66652,553277243,8
240829,451166434,8
212976,671708635,8
11676,440944597,8
90481,3404143930,8
73467,770427367,8
136382,312971346,8
210276,440235774,8
149908,425124347,8
48025,451143353,8
100578,671720937,8
98391,515132640,8
16795,087113795X,8
79916,919345182,8
227282,156028778,8
76626,034017210X,8
104636,440224764,8
202358,9727950191,8
119725,446600660,8
129074,446400025,8
170612,3257233396,8
104064,38079960,8
144134,743216490,8
199725,8886845634,8
182642,2070387364,8
12835,3426624028,8
46956,590988492,8
147451,552547964,8
48025,425118703,8
75308,552150738,8
25601,910973091,8
28255,786832347,8
230522,812504828,8
247429,1556611749,8
11676,3453155890,8
242073,689817851,8
150968,316106909,8
142256,969790120,8
98391,778320634,8
81848,812016793,8
129074,553246100,8
211231,375706771,8
23902,1560252391,8
32891,394557212,8
76626,140258418,8
168994,1571973141,8
11676,3426610361,8
234565,312924801,8
11676,037541309X,8
11676,843970240X,8
32122,067172939X,8
216683,373710984,8
112408,399146253,8
95658,452278244,8
135660,3596211166,8
142524,425182010,8
41634,671793489,8
129399,373243286,8
248718,879979240,8
190663,306803089,8
218547,9516431356,8
230421,345370775,8
64629,093607003X,8
242878,380409720,8
54954,284186023X,8
209385,1551665093,8
29974,449004244,8
137006,3492232167,8
216444,044021775X,8
53224,2070425428,8
77316,17102003,8
136382,965311929,8
9960,1551667339,8
14387,312311338,8
22515,553106449,8
85297,031285630X,8
59113,805056491,8
37791,1570428557,8
70703,140620184,8
18012,684861593,8
189080,671529323,8
222457,3423125071,8
219497,449223604,8
23673,439211212,8
193819,345458915,8
28594,345413369,8
11676,744507839,8
231657,1864710047,8
116876,068484267X,8
17950,1555216633,8
69684,345308387,8
98391,316608548,8
89883,8883353196,8
17190,842332340,8
82511,74268177,8
177072,425193993,8
121996,20198906,8
152464,3442099102,8
71628,451203593,8
123056,2116286,8
277315,60173289,8
170545,679867384,8
147965,525934197,8
239788,1857231511,8
100459,037570504X,8
174900,080075798X,8
98391,1551669080,8
201923,60929987,8
5385,679726225,8
203017,1883319013,8
189558,425150127,8
4017,038072975X,8
193560,1853263133,8
28726,786808101,8
174304,28629019,8
30814,312969139,8
23902,1854710133,8
221777,1578660432,8
97598,3423008563,8
23902,706702131,8
205954,99555603,8
104160,440213991,8
176486,1740593022,8
161677,15559029838,8
217426,380731851,8
111232,9723707705,8
132836,553478826,8
6575,679745203,8
109875,571084834,8
187379,8485815378,8
98647,055329315X,8
126883,312976275,8
51099,515128546,8
194671,1864486074,8
30487,679402195,8
123544,380002930,8
98391,312983026,8
137702,3768809242,8
228064,812548051,8
95525,684801523,8
60050,1400032717,8
98391,399150900,8
195655,9176421325,8
171680,312983867,8
189334,385400004,8
90635,9724119904,8
243360,670894710,8
167800,440226430,8
96194,446609323,8
277203,059046602X,8
208829,449220184,8
35859,671792474,8
182838,553579002,8
7634,385722206,8
221309,307213560,8
11365,440229499,8
124876,684829916,8
45683,440222656,8
229551,140444866,8
50098,043936213X,8
91631,689814623,8
183196,515114049,8
176902,380978563,8
129851,688170013,8
101305,770428231,8
40330,395067219,8
151098,425165159,8
112502,1852605898,8
3917,140107649,8
196502,1400061121,8
183995,671509357,8
115490,553573136,8
208019,743520041,8
218640,140441476,8
67079,552142352,8
86969,440234743,8
104862,446610100,8
250697,1841197149,8
232964,333638409,8
210045,1857765885,8
171118,345330137,8
83560,446672211,8
35859,671441981,8
204591,671024914,8
64010,671617028,8
129074,515074470,8
98391,425188418,8
179423,694523690,8
16634,140052623,8
72214,811819086,8
73394,055310666X,8
7286,1570642389,8
248472,689817851,8
35859,590120107,8
151861,1864481455,8
79938,553210270,8
2313,395874653,8
32444,316352942,8
88693,067352440X,8
54412,61009059,8
95709,704349469,8
98391,312280130,8
40553,014034893X,8
138198,446530522,8
238864,6514006,8
10681,893819034,8
47316,892838981,8
229551,385507593,8
84820,449149560,8
135330,316154059,8
97290,448095173,8
11796,8834705327,8
135149,140084428,8
88733,440343194,8
74000,8811668204,8
82659,385422938,8
36965,553586122,8
242006,821775499,8
163610,042518465X,8
194676,380819384,8
147420,743412273,8
1054,1400034779,8
60244,62517864,8
98391,1551666588,8
73923,575071907,8
235105,399150587,8
196891,449226182,8
2719,812566351,8
78973,743206045,8
121167,60194804,8
79441,316103098,8
11676,451126718,8
47609,553580523,8
11676,373709331,8
219546,394845714,8
155014,380815931,8
194975,3442423104,8
143175,671739735,8
23902,140003185,8
122867,375421440,8
182345,3596103649,8
189558,425137562,8
20936,2253003751,8
208622,679423907,8
55720,373226330,8
83671,892818042,8
63714,1855610116,8
2789,394588169,8
53350,553297996,8
28602,671700545,8
248718,140441034,8
16795,915099047,8
141533,684842696,8
179019,312965338,8
48982,8804418346,8
22154,873375920,8
223787,140004832X,8
111174,380709554,8
59727,740711660,8
201532,8838431973,8
247852,448095017,8
201870,812572270,8
60854,942237137,8
229921,743436210,8
86145,449235998,8
17172,8482180436,8
168245,155105079X,8
232131,044022473X,8
31556,61000175,8
98391,967652871,8
161482,440437423,8
10776,3257228007,8
88677,553285947,8
45740,8449500133,8
211872,1552783081,8
183958,156280054X,8
82751,345257189,8
98391,843949651,8
144256,345356748,8
66518,743203631,8
37293,034541389X,8
135376,345402871,8
175205,042516988X,8
23902,345476875,8
158226,1563898004,8
130474,316693200,8
62193,671027360,8
165268,312983417,8
87051,671042858,8
184202,670889210,8
92822,671738224,8
11245,440242002,8
55892,385729340,8
156214,743250354,8
129358,380848309,8
12225,553210351,8
19970,879756918,8
81207,068484267X,8
179216,8467004655,8
128035,345441133,8
163570,449211479,8
23065,590208330,8
189796,449909433,8
136252,812528042,8
145916,8842040460,8
240700,553272535,8
227819,446525537,8
11676,18774684394,8
31008,865714010,8
138382,373033486,8
71075,044021145X,8
105028,140621830,8
105956,62735233,8
172245,553272535,8
78973,6166911,8
98391,312314035,8
216335,786808012,8
209238,074322535X,8
98391,446609854,8
114379,812969812,8
222280,373250347,8
105028,887308589,8
98847,385022670,8
238864,031231616X,8
243254,486275523,8
185384,525246940,8
216962,451177037,8
92208,014031167X,8
1424,743228480,8
206583,8873057705,8
225199,140043055,8
95991,380804700,8
3757,8401382041,8
238639,399145680,8
166017,312306180,8
62272,044661193X,8
27169,553577859,8
230013,446608483,8
40748,671016784,8
218121,425083837,8
70379,60932406,8
222199,140074457,8
48623,1853260177,8
80067,743227441,8
243377,964859106,8
64436,385505833,8
9381,449208672,8
219301,375726403,8
169699,446520802,8
17282,037383599X,8
6700,764228072,8
196148,2203001046,8
243001,440700310,8
52944,449906353,8
98391,373790740,8
211942,3251000160,8
98391,373250630,8
156972,226602941X,8
236959,971591113,8
89192,9060052803,8
222334,340502835,8
153662,440226317,8
176481,394539079,8
37712,525443959,8
54492,842332294,8
118955,425122123,8
89891,8447321010,8
13779,3404615131,8
201598,451526341,8
53072,446603244,8
160844,802130208,8
173650,689711816,8
48213,385315279,8
156269,671211978,8
277823,140345353,8
98391,425197107,8
55027,446530891,8
135768,972851372,8
235867,014006222X,8
244113,2253002860,8
188418,380789019,8
26813,8878190861,8
76532,345342569,8
98244,515114006,8
188265,872861562,8
37208,553578022,8
181176,394585232,8
26713,684829746,8
54898,969797222,8
244995,552996009,8
104636,671695142,8
168245,671739786,8
85426,963976354,8
90731,812522494,8
152946,670894494,8
48494,451199685,8
85084,877735948,8
33145,2246535514,8
67591,009975181X,8
155013,006092988X,8
134347,067152044X,8
62862,380718332,8
7158,375507760,8
89997,8845913783,8
111944,553280414,8
25533,316846473,8
179624,8472453065,8
2977,60981180,8
11400,446606324,8
203799,812507916,8
160541,552132470,8
94853,727005588,8
177375,688167888,8
163912,553575104,8
163594,679411089,8
198165,8807490064,8
216962,345404785,8
127200,385022875,8
71490,345378490,8
66518,446604801,8
7268,380811812,8
87351,345350472,8
60621,446314692,8
277427,718002067,8
87141,898150124,8
6323,805056645,8
67627,1576737330,8
153662,821761137,8
98391,843951680,8
200878,1561792217,8
177458,312984820,8
11832,142000264,8
278137,380600129,8
249210,373118236,8
23902,450536599,8
3529,733610285,8
46993,3791819291,8
14183,553280643,8
94663,679450041,8
6543,038072975X,8
141601,2070415333,8
225232,868246786,8
76626,174434731,8
245790,9739319092,8
222941,671047329,8
8066,1592400825,8
233917,373872038,8
76795,440225701,8
128276,385720467,8
6251,316569321,8
8245,679447164,8
225659,395877520,8
73289,752919333,8
214272,449213447,8
123744,345300815,8
234721,553568922,8
108890,3499231654,8
180032,886777569,8
112240,553201344,8
100181,345354613,8
74691,055337933X,8
22510,312964943,8
30994,1570717974,8
69389,553280341,8
154118,399146687,8
207091,3442353092,8
8782,941263177,8
130885,3424009288,8
20755,70513392,8
134171,689815433,8
178667,140242058,8
229899,8805058653,8
59172,312951329,8
210573,446603929,8
40214,193156146X,8
245088,801025532,8
73097,802151140,8
139828,399148639,8
98391,312983271,8
205281,439199980,8
54528,671027387,8
219530,451526341,8
89347,374281998,8
114466,942237099,8
191881,679441859,8
126149,553212583,8
118275,345422236,8
3167,142002054,8
70014,034541389X,8
13638,375702709,8
104532,60392452,8
86837,684867974,8
186848,679746048,8
85526,60930535,8
207311,876850867,8
112316,158542160X,8
13552,425175588,8
174540,595189857,8
103410,60938455,8
225078,039592684X,8
229888,142002267,8
105795,8440686994,8
167166,3499221160,8
170184,743249291,8
3363,375706429,8
91782,679781587,8
127029,292731205,8
192238,9728579675,8
234828,140115773,8
196113,345326490,8
188343,679866949,8
198996,60176156,8
147385,446310786,8
76748,8420483532,8
86489,449000613,8
201810,446670251,8
278221,671027123,8
181687,679761659,8
230289,8422687739,8
24105,451204956,8
229206,887782512K,8
243700,1562923668,8
78719,805062971,8
146179,8495501368,8
213410,515122734,8
90232,2070389588,8
104636,553280368,8
101606,679402195,8
23902,91800625,8
190480,743457358,8
206775,747538484,8
217566,553487167,8
236595,60005424,8
147800,553264575,8
160541,6170110,8
228477,399148701,8
229409,380800632,8
110934,64410129,8
37950,770421377,8
79747,060961004X,8
85698,8807811189,8
239584,684843129,8
233864,8881111020,8
206691,345342968,8
99939,553213709,8
164841,804111359,8
167478,671685465,8
248718,312081839,8
11676,3421012792,8
36632,142000205,8
4435,8882740501,8
230997,385420161,8
196441,312983867,8
154529,451205146,8
60244,375801588,8
160295,345379748,8
239834,399148701,8
14387,571169503,8
193738,743225422,8
92346,156260255,8
231576,142000663,8
31528,440242002,8
20971,055357809X,8
39396,3502144109,8
108405,373218427,8
28591,373765037,8
61524,810113309,8
222054,850317940,8
169564,140238212,8
12614,62548689,8
95359,671042858,8
173772,446609447,8
1706,679721819,8
98428,849550166X,8
69078,1568581173,8
15408,1573440167,8
203240,034540288X,8
11676,380756218,8
233430,042516859X,8
171291,553579401,8
19206,8806153390,8
181011,689814313,8
11676,038082101X,8
167521,749313528,8
114279,452282152,8
219209,451523067,8
7557,345342968,8
138198,451524357,8
159262,671032658,8
168144,345413350,8
127036,553583670,8
113955,380776634,8
125303,3828911099,8
71360,880781563X,8
33795,767905385,8
160297,749305401,8
88693,679419462,8
101963,440095387,8
133296,446608815,8
16111,971614504,8
43021,446600458,8
248531,380759500,8
30072,1569319472,8
125903,192833839,8
18172,781807387,8
75971,451156609,8
10819,425173909,8
77214,140098208,8
73646,4770027621,8
178199,553099604,8
159858,1878424173,8
23872,385098847,8
78783,743203631,8
109901,1877133523,8
68760,786010835,8
241414,006081246X,8
209565,140009957,8
67403,394711912,8
179288,807841609,8
3507,449212602,8
11676,64400034,8
114178,1857034244,8
106453,440215757,8
83096,2070534200,8
8681,385491328,8
216955,671027344,8
57109,61064157,8
60244,014029628X,8
7980,752816500,8
183995,449000265,8
158104,802137016,8
144412,449005615,8
110934,316777722,8
30445,340104317,8
181077,345353145,8
165496,8420633518,8
177262,375400117,8
11676,3800050196,8
194543,380794306,8
47075,446602914,8
152811,037570437X,8
98391,765391539,8
153091,385257767,8
172742,399605088,8
44547,425128458,8
232949,9727310486,8
227018,006103004X,8
140036,1577782100,8
190058,140074996,8
185233,307302024,8
98322,441007236,8
112026,449219364,8
62966,743457536,8
198046,786014873,8
187863,451169522,8
98391,155166691X,8
28582,941831930,8
96721,1585790214,8
156140,316776963,8
115435,60934700,8
119517,515132187,8
21031,743486226,8
37688,312863888,8
184132,1567184855,8
234493,1853260584,8
109783,752837508,8
231897,312967098,8
46443,014050169X,8
164944,140169636,8
149511,2707311847,8
99523,067976402X,8
23872,088344075X,8
226703,316788228,8
127858,031218171X,8
9613,786883219,8
128413,380789035,8
246311,380718839,8
36935,670849324,8
137589,553203630,8
117366,1585671878,8
167812,375727132,8
202130,1853260118,8
146894,684859734,8
98391,312309015,8
171118,030737002X,8
201148,446516112,8
180042,671021001,8
217516,451177096,8
141016,385607369,8
95316,446611212,8
235113,3596113075,8
75482,034542526X,8
168383,553582135,8
139387,375727345,8
88677,440222656,8
248325,8427911521,8
107514,769606725,8
193499,312983301,8
95072,130891045,8
117803,739419765,8
245410,4789000583,8
213220,425158632,8
86420,395689961,8
231840,006019491X,8
278137,373219350,8
25395,679429220,8
227250,373763816,8
110746,330101366,8
125287,711977321,8
172326,446530387,8
240687,743435842,8
183958,174114065X,8
222204,671656139,8
65258,316328383,8
98391,312982828,8
167813,1400032016,8
11676,B00005XH7E,8
211212,60913088,8
67453,316507415,8
109955,245543546,8
203820,8427202831,8
189227,3499234246,8
148604,440498058,8
235105,451153553,8
122037,3784415806,8
211610,2253076562,8
95902,8477830150,8
180957,055310652X,8
102164,3453149874,8
36441,61020680,8
164398,743422317,8
250223,312421273,8
39287,812521390,8
107951,892813571,8
44893,373250363,8
140193,152008772,8
183061,664226019,8
146874,449225046,8
97324,8420442569,8
39467,842724763X,8
60098,037376166X,8
93698,888994168,8
234359,871139081,8
230030,393307115,8
100906,1864503793,8
128576,8422615444,8
63358,425154092,8
11676,1573220485,8
74214,312971125,8
129074,671438190,8
129338,345353145,8
11676,1893956032,8
194678,1582341591,8
239594,140124098,8
11676,60171626,8
28055,60083948,8
36886,451183665,8
152870,802713122,8
238579,385490992,7
191165,059035342X,7
227176,3492235816,7
101550,014018709X,7
72347,60173289,7
194388,8804371013,7
171118,1853261246,7
113663,445201223,7
123094,1899874089,7
57109,590568809,7
12036,3499232634,7
32440,380711966,7
192906,81325199,7
204936,440204194,7
38654,671793039,7
151749,081120457X,7
235105,1575668270,7
119715,330349287,7
41700,3404259459,7
224450,8482881256,7
127359,193000902X,7
62626,140277447,7
84024,449223612,7
110963,452283736,7
34539,452282152,7
43006,441731546,7
155054,618219226,7
33681,836210859,7
70205,451203933,7
204959,1863305793,7
56039,2253029491,7
184299,590306715,7
63714,705400964,7
79920,679729917,7
16634,929714008,7
16488,892816287,7
81628,866255125,7
249639,505103292,7
76223,1560760478,7
79667,8467003855,7
158448,3442450047,7
235105,380800659,7
33580,451161343,7
3757,8432222186,7
179149,089087333X,7
33897,043936213X,7
189750,8817129496,7
153873,446690589,7
91221,425153789,7
22922,373291671,7
30461,425179230,7
231351,451197429,7
31556,64407667,7
118414,451188063,7
179791,553176900,7
206865,2038714002,7
80803,2264033495,7
172406,1561712825,7
177458,340742496,7
171118,441008747,7
15120,590483447,7
77052,61067903,7
244172,679423907,7
36316,16964,7
30791,440236703,7
125039,345371038,7
23902,316261750,7
55861,670847925,7
162888,014044615X,7
90736,679446486,7
213531,553272837,7
219530,1558746161,7
172030,440207622,7
173856,812536037,7
75083,679740066,7
8454,525945938,7
127826,860074382,7
81674,15732220003,7
137678,3442304873,7
8870,688177867,7
137397,2070362647,7
110361,425192938,7
19202,312252854,7
213664,786842342,7
58067,8467202394,7
116183,385473079,7
217930,61008893,7
248185,8878193526,7
167275,8423325105,7
9449,590449389,7
146175,679729836,7
163973,1575660369,7
28204,553130390,7
40553,345440137,7
112197,186049692X,7
11676,8495501570,7
232441,195092619,7
130571,452282195,7
68760,64405044,7
27812,385720955,7
73030,465044123,7
28177,375700757,7
208050,517588684,7
123608,059033672X,7
138844,671003755,7
146440,440241073,7
146721,3423205903,7
224108,451185110,7
205867,1883523036,7
30276,821769367,7
101666,359622425X,7
162610,553275100,7
138124,041502692X,7
35859,671760513,7
110912,440216877,7
148099,385721811,7
75591,1573229628,7
277427,394738136,7
75560,068484477X,7
24172,861635744,7
173415,1573226270,7
50376,4478052123,7
46197,9511085972,7
122508,7114900175,7
179414,452282152,7
209329,684848961,7
190365,316284955,7
177458,806927798,7
219008,446519723,7
33371,671894455,7
137190,7141858,7
22830,451159497,7
120440,590477374,7
187238,300046014,7
170792,679833684,7
127359,61090530,7
203583,345433262,7
98930,345354613,7
37594,385503857,7
27244,2253155756,7
177458,671692690,7
183524,3518100734,7
3757,8475309283,7
25257,380777169,7
184661,1892065444,7
144255,930044681,7
25409,452283086,7
165319,671671812,7
115692,399146725,7
138198,887765793,7
221139,440220688,7
125823,140290214,7
15854,55337513,7
6466,515118249,7
11676,671749609,7
71662,399140751,7
246175,312980159,7
116582,912670665,7
179978,689830971,7
130950,038529929X,7
239708,345445848,7
80121,393310329,7
168387,752834223,7
109333,9729469067,7
60684,006093090X,7
235684,440200989,7
48213,037541309X,7
170273,3423127023,7
233177,446364266,7
32721,451184262,7
216557,1883523028,7
26774,440225906,7
206609,552770957,7
53515,75514443,7
66942,805033211,7
75783,802134254,7
38281,8445071394,7
142584,881030368,7
201042,446394521,7
190409,515124621,7
45230,399149295,7
19556,1853260320,7
163761,505522756,7
4090,345405730,7
11676,60186976,7
53617,91867770,7
220454,446527017,7
32036,449224392,7
153719,425192083,7
217740,671729470,7
204597,743215605,7
241513,679444815,7
188171,399133526,7
219183,349114773,7
239535,821768808,7
218768,2266082833,7
191716,684871556,7
73485,425172546,7
149510,3453150244,7
61257,451524934,7
88288,671016849,7
238613,61080586,7
88993,446604232,7
162626,425092917,7
167158,1863253262,7
246617,140274928,7
169104,440180295,7
62670,722538650,7
65665,498024253,7
107951,3423073616,7
76626,375757899,7
36554,679747044,7
225435,345379330,7
246218,767916069,7
24694,919754163,7
222474,3596803225,7
106846,038082101X,7
105028,99993805,7
177458,451150317,7
4669,038071681X,7
30276,373289936,7
162927,823405958,7
66055,067100042X,7
40295,1551668998,7
49212,312147422,7
41700,3596154626,7
250300,553480650,7
15021,140366776,7
13552,671759361,7
51807,966110579,7
93047,1591823269,7
224768,441005489,7
69211,553055984,7
77273,345423097,7
230550,1869503589,7
52584,804106304,7
63714,1856812588,7
62862,743203631,7
30276,373096984,7
70415,440212367,7
42852,440220793,7
278418,373167318,7
81136,451156609,7
145861,375727752,7
224768,345314220,7
107342,8478887199,7
236757,067176991X,7
241432,3462033360,7
180314,449005615,7
153336,312278306,7
110973,843947667,7
4705,140270590,7
180651,860515990,7
29424,553572210,7
141710,044023722X,7
55487,451197429,7
223787,446679364,7
161041,60093749,7
250342,307117413,7
12122,702227749,7
243077,812566548,7
14451,804002800,7
76626,385482388,7
205179,3436018880,7
133958,375402632,7
125595,3596215226,7
146522,843957634X,7
185233,380703882,7
138867,812524802,7
158433,451171322,7
176348,385720920,7
105627,449212602,7
60707,440217768,7
172406,451177029,7
221705,515128635,7
153719,505525410,7
11676,671537873,7
92048,786864982,7
9188,684872889,7
151654,446353337,7
155807,316608491,7
158226,055214598X,7
13137,764912518,7
6218,140319808,7
187517,312952368,7
245237,486282112,7
8856,312195516,7
48398,446527041,7
70585,9171607722,7
91931,141182598,7
102042,81672265,7
114816,375414053,7
162052,822527901,7
222067,1932475001,7
150631,140237496,7
170575,037348366X,7
68409,140177280,7
127024,345285859,7
8066,871136791,7
199901,055380250X,7
97694,676973183,7
41897,552991406,7
102705,60959037,7
11676,3548252389,7
224646,439010772,7
166898,671718436,7
179636,375760903,7
174866,446525227,7
235027,8432086150,7
11224,385424728,7
112845,425122123,7
236959,1893103056,7
193133,446405361,7
201684,60084537,7
171295,553212451,7
88620,1873741707,7
237534,553282700,7
128060,345354931,7
204548,842335609,7
76575,8440653042,7
22074,425098451,7
231510,670813028,7
93047,068484799X,7
143011,006000438X,7
43807,380791994,7
165609,345320166,7
94985,312925883,7
132173,786889624,7
174920,375401946,7
118434,1573226521,7
73215,345334302,7
96026,1863304959,7
159863,014028446X,7
19085,61057428,7
91002,385313136,7
31919,60392452,7
229899,192833863,7
35859,553250965,7
156269,1575662914,7
155916,070222135X,7
72804,2290045764,7
75181,3423071516,7
194669,425171957,7
70931,451196716,7
249031,8420481610,7
29758,552144959,7
73798,571170064,7
58532,679758380,7
11676,553260219,7
150364,373171358,7
31134,385498802,7
28125,884036725X,7
105745,8477651515,7
28784,140293442,7
215225,3596109434,7
83910,21761968,7
144478,451183665,7
56856,076791032X,7
106007,345373480,7
115998,679401431,7
105657,679310711,7
127720,055321229X,7
11676,449217205,7
177690,373484887,7
215599,3404149114,7
126331,446601381,7
168245,553583913,7
182636,9132322658,7
194146,2253153982,7
15589,440236703,7
96569,3777001988,7
111816,804107688,7
171286,8807813637,7
158344,9041703993,7
50849,671722026,7
146083,886777348,7
218952,187374143X,7
183347,1555610889,7
121726,684860295,7
114698,440505240,7
141010,425166619,7
193560,500276625,7
250330,805036377,7
25967,684824620,7
35859,688122744,7
51359,345346491,7
162017,1098765432,7
191979,312976755,7
180651,873386892,7
163804,786889047,7
83879,158827523X,7
3757,8432221937,7
24186,812516001,7
83287,446600377,7
135902,586073760,7
130571,312206119,7
88030,374172897,7
137190,7118643,7
247537,553372300,7
107784,451169514,7
100648,1559705752,7
188798,375400605,7
150045,812575946,7
172852,671743791,7
98391,312286783,7
59810,786889063,7
151643,440226430,7
29070,394588207,7
98787,99415372,7
91875,743211375,7
45471,743418174,7
73076,192861999,7
68760,880387165,7
11676,316666346,7
196775,440241537,7
54817,349113920,7
89602,553272535,7
176481,671636782,7
153621,8423326780,7
197410,749316837,7
113270,014025448X,7
207734,553262505,7
249695,1895455189,7
242073,595222560,7
30276,821768638,7
136139,553099809,7
14454,067976402X,7
113955,553566199,7
215314,440509157,7
164863,7119879,7
47971,931188458,7
127024,449217493,7
105840,8420441708,7
233733,425147584,7
231993,446678546,7
94495,375705856,7
183171,373710992,7
173090,553212710,7
25225,345413873,7
23054,3453180372,7
11676,885180012X,7
219569,1576734781,7
120548,8433106589,7
126629,330375253,7
128060,345345991,7
131855,352319267,7
35718,61058254,7
76168,345342968,7
150968,1551666537,7
200253,451173155,7
238864,61097861,7
238889,61020362,7
67775,373710356,7
168245,440123046,7
29224,849911796,7
85433,3442723302,7
202214,8804391472,7
215225,3404137620,7
116005,1853260673,7
234828,590137727,7
16634,440503531,7
225078,312272057,7
23902,945353626,7
101041,61015725,7
70813,882732862,7
245088,883658585,7
153662,006108512X,7
141385,067697094X,7
184299,451156609,7
176023,394741188,7
11676,3746675049,7
228781,789203731,7
39928,440225698,7
237776,425044440,7
193560,151256004,7
134890,3257063261,7
194676,425159566,7
73732,345340205,7
59203,340268832,7
25359,91749263,7
66964,553273221,7
218121,345409639,7
229409,3442453305,7
72183,446607657,7
82407,374177201,7
201674,380792745,7
122474,553573209,7
69156,765305402,7
236033,517243504,7
136916,051513287X,7
82497,345380371,7
146775,670818577,7
97324,521669014,7
91113,345441036,7
168025,60672544,7
188513,452281725,7
33888,6483658,7
49373,8427931379,7
193778,425180638,7
111358,399147195,7
126170,425172546,7
40737,3442442923,7
23902,140247114,7
27617,451208668,7
26620,449145751,7
26134,688162827,7
26611,452282829,7
207108,399144331,7
127359,812570642,7
8234,671867083,7
243236,440900794,7
42233,767903382,7
123468,074900388X,7
19711,515093203,7
109789,312983220,7
107767,2211067948,7
51005,3485003026,7
243312,439524733,7
229703,451180208,7
185354,8806296604,7
278218,60977493,7
35793,786868716,7
39502,449149633,7
11676,689870027,7
225763,385491093,7
232993,1853262013,7
8323,373227205,7
190616,8878185361,7
235935,312190328,7
103457,068484477X,7
108275,771014805,7
136237,525942688,7
109779,451190521,7
213638,64550168,7
141128,671027360,7
224646,671551337,7
146348,425181480,7
152186,740727281,7
224927,226728129,7
50955,451186362,7
172119,60987529,7
5463,8495501074,7
11676,894803204,7
145737,452281091,7
32028,452282152,7
107951,586081577,7
60340,076071018X,7
210535,425174093,7
94009,812509188,7
139904,761320830,7
143253,084394594X,7
203044,809015803,7
103304,843949635,7
98391,316170771,7
163539,440235162,7
225763,002542730X,7
224349,689804458,7
7105,385408188,7
161936,1853817392,7
152435,806979224,7
177436,812531108,7
204253,446403237,7
146803,399146253,7
211555,972422533X,7
86243,575004630,7
167746,451521951,7
26122,9724129705,7
83587,440993717,7
102647,044100508X,7
200248,067177932X,7
1155,006101253X,7
11676,9076168016,7
114355,345339703,7
159564,9722906542,7
229741,345370775,7
177458,140196099,7
23902,802151787,7
162827,515136379,7
74043,399143165,7
170792,059043652X,7
47925,671872001,7
211929,9721042609,7
93047,812518969,7
3757,842265394X,7
14173,671798782,7
144315,440223814,7
164905,373111657,7
129074,088150193X,7
37208,1551666022,7
153211,553573136,7
51262,679447172,7
14752,375432302,7
179744,300039662,7
33999,385490992,7
236594,553582232,7
163148,312284683,7
240460,3499232146,7
242509,375420630,7
77772,439050006,7
173343,034538475X,7
202046,842061050X,7
204864,446325058,7
25466,425168956,7
182874,553581112,7
172128,441090737,7
38023,345350472,7
48355,192862189,7
22722,425122123,7
93364,1564586499,7
162380,451199480,7
16795,375706771,7
11676,2254023783,7
31386,965141667,7
277681,747546290,7
95902,843390695X,7
171118,886778964,7
119134,140449124,7
25225,786885688,7
194172,1571310169,7
16795,553278274,7
135458,802135331,7
131548,812590457,7
104084,743242203,7
214786,425121631,7
95932,385302304,7
18852,1942303250,7
114629,1551520826,7
184629,385508042,7
166123,553576801,7
8138,515101877,7
114216,749305126,7
60643,553263218,7
12917,785804714,7
17282,312983301,7
166245,8845909824,7
277638,552994421,7
178199,151907366,7
204676,670839531,7
72287,425131769,7
35859,345319672,7
176846,966036611,7
207291,753811367,7
12100,671683993,7
95060,8884511143,7
119725,345366638,7
246313,60542845,7
104268,373037465,7
6242,385475772,7
187031,842329269,7
212739,1575669056,7
133571,61009059,7
246470,60184868,7
166123,553575570,7
216683,671010042,7
103251,425185710,7
135265,373196571,7
189139,345338200,7
52256,786865512,7
195943,140322574,7
156214,60097973,7
64958,096579041X,7
37208,60002050,7
173679,014027166X,7
126492,067945960X,7
2622,743204158,7
178201,1400034779,7
224563,60934417,7
37950,553578693,7
30137,679722645,7
101550,847974037X,7
4017,1565122437,7
48982,8830413801,7
121460,743203631,7
19969,1884737927,7
210599,440224810,7
60244,385722435,7
3757,8476340591,7
88066,093279601X,7
188561,451133129,7
15936,821768298,7
76626,140367853,7
173999,2264033029,7
229741,60958022,7
146955,8478801960,7
156150,380723638,7
32483,8485337492,7
118484,804112754,7
53729,452284244,7
83884,679876154,7
705,8806142267,7
99032,689860234,7
144255,037570387X,7
170634,312069146,7
112953,393038459,7
23902,720708346,7
92810,380973014,7
16996,671510053,7
194031,552999415,7
157273,451459520,7
23902,340672250,7
240219,006108199X,7
105829,8495501759,7
208834,006080985X,7
80837,553574574,7
91962,009999030X,7
146803,805036377,7
101682,380804700,7
134434,034536676X,7
216012,1583143521,7
229329,1857023072,7
224768,159182334X,7
233258,340765593,7
195374,316604917,7
18311,61010421,7
239594,449001164,7
132375,812966430,7
7346,345327861,7
27472,312255012,7
106988,520072553,7
74559,8817131628,7
102848,9029071834,7
11676,375406522,7
95359,553803077,7
246759,671880314,7
189427,2246659213,7
278529,031284879X,7
141719,345337662,7
30711,330337505,7
23902,786709154,7
214654,812550757,7
133571,786709014,7
218872,385315236,7
221732,449213773,7
276847,347354034X,7
158295,055320405X,7
184800,8484500993,7
43873,2070370615,7
140851,3924491607,7
237484,689817193,7
11676,75387195,7
62688,1560761156,7
235475,8420483869,7
250330,399145087,7
81218,345420748,7
109004,425178102,7
137336,812509463,7
206959,385044011,7
200226,399145990,7
74758,373259549,7
196077,1584850183,7
214821,670032069,7
35857,345427696,7
52203,2277213187,7
56276,375700668,7
11676,3442309751,7
94985,8429720847,7
17950,446516538,7
95104,618335455,7
216683,449134482,7
101304,345394267,7
163804,515121495,7
126531,5783604062,7
155141,375709045,7
9227,5553465214,7
30202,590684175,7
185634,553233688,7
216683,373239963,7
150554,142300306,7
32627,764501836,7
9613,761539220,7
82961,6550878,7
26628,345445732,7
33645,067142517X,7
11676,595284507,7
183,9721028800,7
35859,27426459,7
13552,515128546,7
122854,394758439,7
189666,9041702806,7
7915,440226430,7
94347,807063576,7
171118,345342445,7
177458,786929537,7
175775,140119329,7
109779,226568229,7
156534,711704635,7
243876,3453176367,7
100264,440184053,7
68373,316769487,7
232964,425071790,7
100459,030721589X,7
175283,375700994,7
140089,9724120503,7
243929,312143834,7
46197,9511071785,7
250733,345335457,7
197659,552122831,7
123625,048629580X,7
105745,8429731520,7
110373,525945105,7
46398,380759489,7
11676,786890037,7
86832,441007023,7
143057,3453122348,7
107594,743457358,7
11676,446613843,7
3757,8420604488,7
29209,345441753,7
64946,1564586464,7
133564,3518374869,7
119749,375811737,7
154345,380724081,7
145161,60938455,7
133143,349100306,7
159390,3442426677,7
89891,842397197X,7
83637,425179184,7
37950,1550541129,7
108126,61091561,7
236948,919676022,7
52044,877931003,7
198046,553584383,7
16654,8479272422,7
16231,140296298,7
196738,425152235,7
88509,1573222259,7
212196,3462030531,7
224646,330328085,7
125039,590484753,7
229741,380778556,7
3827,394534433,7
98914,91816971,7
150896,142437263,7
15421,84896695,7
169682,60916508,7
81560,812513754,7
26153,425146405,7
47925,670880183,7
246439,61092398,7
98207,671864173,7
138120,312201656,7
28417,61015725,7
10921,60391626,7
73837,312991460,7
45778,26284707,7
174304,156701537,7
210838,515117617,7
232945,044900449X,7
24767,156592262X,7
14958,8420442402,7
31355,671657798,7
160755,439148898,7
151737,898152844,7
110934,345435249,7
141949,767905202,7
1424,1400060648,7
164533,8887029210,7
11676,590445693,7
118480,039914949X,7
188686,875961479,7
201654,590308440,7
148239,679724362,7
103973,747549656,7
79556,140049401,7
86959,380975262,7
179826,753505703,7
154909,446610550,7
62558,440437423,7
224764,078601475X,7
225378,553052500,7
138097,684836270,7
132347,451163966,7
183202,316161837,7
122660,3570207099,7
244761,60973927,7
11676,61096164,7
212859,61093491,7
150364,1565970047,7
81207,452269865,7
79085,441001963,7
221867,886777275,7
30667,843948574,7
69078,894808311,7
168067,679451463,7
11676,8807817403,7
63228,3625204061,7
48424,609610597,7
216012,743457781,7
183995,60154098,7
81456,965415570,6
23872,816635269,6
208302,553379267,6
10590,1590250001,6
179791,330331973,6
193750,451208765,6
207871,671793888,6
223501,671673661,6
150554,345297709,6
135149,812579569,6
177690,1575211874,6
218633,1853260010,6
215728,1551665204,6
6268,3499228976,6
11676,3257232640,6
136905,843392043X,6
95359,804108528,6
196930,394531094,6
181952,452263565,6
81763,743244184,6
12657,3898150453,6
148145,440220602,6
201019,3453162218,6
222050,892966947,6
66905,192827596,6
192037,812574974,6
162639,743407067,6
63506,451181948,6
145543,380727609,6
93074,439176824,6
30531,380780208,6
167509,552135259,6
140291,342320088X,6
249574,345339681,6
138441,60095628,6
116866,385258224,6
173214,440220602,6
7371,425146421,6
209160,385491069,6
197325,8804486201,6
13126,446356611,6
171118,664222226,6
11676,679722572,6
53729,312306326,6
80690,345354613,6
141794,8807814099,6
149691,061815082X,6
174848,875962572,6
57666,8817866652,6
223087,375503862,6
12189,8447320790,6
97874,875420281,6
121532,684837226,6
45615,446613266,6
56271,349113858,6
137176,3421062153,6
102196,3478714001,6
125641,1855853612,6
35865,553582127,6
205979,2253151,6
169192,812548477,6
130157,1591823935,6
141127,515130389,6
153889,3596155037,6
277562,140274286,6
106036,679429220,6
234764,590087843,6
96448,590226371,6
166922,99437961,6
213207,425141322,6
240567,031205131X,6
165987,345418832,6
243882,312959400,6
7954,345410130,6
38389,2070363430,6
145099,140441476,6
106893,349103232,6
172888,2842051416,6
36012,440224705,6
133418,836232232,6
32599,679723005,6
179165,896932443,6
31984,3442049962,6
99032,345404319,6
225686,316735604,6
53729,330352253,6
173481,671793489,6
196738,446356832,6
52544,3499188783,6
214990,451211839,6
136139,140118470,6
35859,671642561,6
81945,9030356162,6
23902,014027927X,6
234165,375750525,6
83690,451204530,6
27192,449003787,6
221496,2226132880,6
211761,375725784,6
219974,743474295,6
70183,1560768401,6
190807,373116632,6
105187,2253076902,6
58522,034543739X,6
190890,202025462X,6
177458,886778468,6
191912,373115539,6
11676,552999504,6
94009,446604232,6
114226,671001744,6
1903,044022330X,6
24869,038542096X,6
32944,312983271,6
209875,1581801300,6
137627,671024396,6
11676,684848783,6
13552,380756269,6
157468,684848961,6
184401,399149325,6
39256,552138916,6
168336,962750999,6
161542,038547931X,6
224764,553109839,6
186564,847596608X,6
168245,866228632,6
98904,840776381,6
127282,8420481017,6
238057,66211611,6
135908,140240209,6
228868,312264844,6
225232,140252924,6
14698,671534564,6
72701,425092917,6
212637,671510053,6
102647,515102652,6
36380,8432046100,6
116220,446600830,6
106028,8842039225,6
89192,140389059,6
168554,140620648,6
207621,3625151111,6
39467,8401499755,6
155037,8876846565,6
185528,1886778191,6
60797,330326856,6
158295,553275704,6
162849,345313224,6
66680,1551668084,6
52584,452271266,6
125224,3596152976,6
119654,451454537,6
245975,3442065895,6
176887,078688861X,6
29288,3928127810,6
99,385235941,6
277023,553140779,6
87329,345323475,6
95359,679754059,6
158433,451173317,6
79917,9722019074,6
52917,804115621,6
102359,895265362,6
221416,439139597,6
119590,811802116,6
104925,425191184,6
23872,674704940,6
277533,679734775,6
5958,451160193,6
41455,140077421,6
98988,609801457,6
51627,345370775,6
121264,805063579,6
153621,8489714711,6
16795,415924952,6
6242,1552633470,6
100906,441135560,6
182599,2070769038,6
142121,1551520559,6
11676,312961731,6
173474,385306024,6
180284,679442227,6
3757,840124028X,6
161706,059304813X,6
178597,812967747,6
174486,307021106,6
97952,671025341,6
206074,087364574X,6
125031,312989377,6
56598,385492081,6
207821,689714092,6
83646,60008032,6
164027,140293248,6
278188,689800975,6
68555,60193123,6
249912,380002450,6
168171,375727566,6
42898,425157180,6
73588,044166251X,6
198996,385324057,6
165319,345427181,6
108485,375758453,6
9343,380731851,6
85426,743457870,6
234359,821773399,6
104665,451183940,6
105263,449238024,6
156970,3596147824,6
170073,6510558,6
204864,60534044,6
183753,140167773,6
140069,446603783,6
161200,425150119,6
168212,380719185,6
76748,8420484385,6
205784,373106637,6
88283,440228441,6
176997,425172546,6
44686,394805720,6
33307,440222842,6
11676,380731851,6
121778,893752746,6
223087,452283795,6
72896,340745797,6
95878,8433911872,6
181077,553263226,6
156971,2277226025,6
23902,60264500,6
156269,812590163,6
190650,1550376284,6
239860,679456996,6
111947,452266564,6
27744,3430132576,6
203820,8447300072,6
134434,840804866X,6
32192,385479565,6
55861,385173377,6
86906,743237196,6
94744,3822801127,6
67992,91876567,6
137760,60934913,6
70796,8423329860,6
162840,080947350X,6
94242,9505111096,6
204663,671646613,6
105573,844731593,6
123215,345308557,6
116090,440237416,6
169310,345423291,6
213946,684829983,6
70628,671683993,6
131476,7156103,6
204448,067102535X,6
208960,60512822,6
248259,399144463,6
163876,898156122,6
206300,743206983,6
139607,425056546,6
247585,448060299,6
66599,8495501619,6
128693,751521507,6
216911,525945121,6
103541,3442416469,6
100355,440235480,6
148199,1579540090,6
243293,440863473,6
107951,3442429552,6
235805,140298479,6
203820,842261264X,6
23128,380814390,6
117273,3442440807,6
131914,671042408,6
41393,553379011,6
11676,452283485,6
4096,61031429,6
122358,60194723,6
250300,767905199,6
174848,385425260,6
11400,151008116,6
80036,60976845,6
130574,553840061,6
152401,3492265073,6
145159,345440021,6
180042,373123337,6
120598,446609323,6
36169,141011548,6
92498,1901903109,6
112709,60090367,6
197464,3453161270,6
171118,811831388,6
91840,9070066807,6
98904,451186362,6
153662,038531292X,6
189286,671648144,6
223154,446608602,6
163851,440213525,6
182334,226195457,6
137434,886776651,6
52584,1882321073,6
119914,8422630907,6
149934,373264577,6
68555,380756293,6
153662,1878624431,6
39773,609610597,6
137601,340628375,6
129617,3821830298,6
167494,425092917,6
141210,3800302268,6
23902,417059809,6
121606,60002050,6
208415,375502238,6
201725,679735909,6
92539,156007533,6
208236,689855265,6
79441,765347415,6
41589,425171396,6
217336,3893434011,6
105100,340640049,6
118314,451523415,6
133980,451186362,6
249353,385730586,6
80803,2070362213,6
28667,440401585,6
161755,684831392,6
26122,9724610616,6
94870,8401341744,6
107784,1888914491,6
207782,425136981,6
43397,8408011324,6
130482,8845226344,6
242962,1551667401,6
247518,451204115,6
157082,2253063983,6
223431,671014196,6
190923,440502705,6
121065,684826976,6
177569,1551669609,6
242681,3442071038,6
250621,3893501754,6
72454,8807816148,6
159863,7133359,6
122874,349114943,6
196738,312964943,6
48025,375727345,6
129358,505524325,6
223566,553278835,6
19664,1573229385,6
119660,2253402,6
224209,671510053,6
234685,60082151,6
41157,684832925,6
142624,425176169,6
96389,821767089,6
99395,3442440890,6
100815,312865090,6
10819,743427947,6
181077,890512582,6
47807,811832937,6
239594,2290303054,6
80066,552998486,6
128331,080411109X,6
206219,786705248,6
90766,330480774,6
198612,553176641,6
30445,340162791,6
49454,9470616,6
205839,140347283,6
110076,590424351,6
141902,373153309,6
40415,375700757,6
54564,1561707228,6
108336,140441921,6
123056,864922469,6
163761,373075774,6
65334,345395328,6
141710,316780375,6
159390,3827270693,6
81467,2570807,6
179731,65373520043,6
16599,446516538,6
227192,151008116,6
142555,99171406,6
12657,3551741611,6
214839,8420634115,6
59305,375727345,6
231464,3593362627,6
239468,552124753,6
136010,778320790,6
141651,3323000455,6
173684,553803220,6
125156,3492257038,6
166390,316381497,6
142772,037370660X,6
97952,671010387,6
37951,038529929X,6
222296,517561077,6
88232,8887432007,6
113657,1558743669,6
89558,8434027300,6
249157,074727620X,6
160735,671039962,6
60427,786889489,6
131296,905478495,6
41897,140280685,6
78015,679457550,6
68498,3453048881,6
54589,316287555,6
177862,385472579,6
224303,671774670,6
278097,8804484101,6
249407,802081126,6
48268,3746619157,6
168281,441569595,6
103424,451179897,6
200226,747250111,6
202269,399149864,6
202514,446609951,6
197427,8804427744,6
11676,8478801960,6
54828,3854524498,6
2995,60928336,6
110572,2277215473,6
116433,812544501,6
158583,60517794,6
134621,2070737764,6
151589,039914434X,6
198012,133894606,6
147947,312980140,6
57284,1586481967,6
86466,038533656X,6
62979,3895088803,6
249739,671023241,6
43619,316782505,6
163278,451204123,6
112746,316780375,6
174892,399147020,6
45701,684810387,6
102647,380721457,6
201936,3518383973,6
149510,679733787,6
212915,006109921X,6
105795,8424504771,6
243077,671019163,5
111926,836980468,5
201782,670858382,5
212196,3426004194,5
11940,385511612,5
224895,2070414272,5
76611,671758896,5
124472,399150749,5
38935,345314530,5
11676,039914899X,5
114368,345334531,5
213790,1586601342,5
153342,773600221,5
61700,038542471X,5
157811,385333927,5
194463,679736042,5
28663,8466400060,5
243077,1592220010,5
88223,671021001,5
76499,842027130,5
173111,679776591,5
153249,374522804,5
3542,312050631,5
2499,080213825X,5
151139,451169824,5
217917,3453150090,5
95316,140148426,5
242299,014005121X,5
107784,671642839,5
49144,8422697696,5
179772,60391553,5
101091,158234082X,5
188671,671657151,5
245446,440156645,5
145644,1853260827,5
25981,440205573,5
164533,471418293,5
92861,671520024,5
11676,697237303,5
69156,765305224,5
53456,451191145,5
220122,316091170,5
64806,671794264,5
278026,380731851,5
23200,3423119195,5
6889,8422628066,5
10447,451203895,5
114368,671660802,5
26907,761532552,5
63931,380776022,5
223701,3596137357,5
140410,764504185,5
3079,312278586,5
146466,553481568,5
31614,836221966,5
179423,671582348,5
89391,446521582,5
123883,068950599X,5
277954,970559100,5
139031,373243871,5
123883,515121843,5
44296,1898697280,5
72028,814622100,5
189334,345398319,5
240568,786004398,5
9454,451187423,5
189835,1931082227,5
238231,075150727X,5
74315,671746936,5
11676,60177209,5
184299,812549066,5
171020,375412557,5
53520,671576836,5
133272,671638807,5
212034,9171393544,5
238120,671786091,5
209200,140276335,5
200248,373114680,5
107784,155773044X,5
210010,6513204,5
150247,140620338,5
124635,61054437,5
194027,425105709,5
277710,312983395,5
229632,037360078X,5
97789,9137080474,5
231857,800715217,5
130554,590481207,5
101699,847386350X,5
250709,886777232,5
226553,312966350,5
189835,449220923,5
202764,8408019023,5
241265,031298328X,5
245616,373264461,5
37929,679832386,5
217740,399103422,5
38832,517886073,5
40012,330253565,5
31556,893754064,5
46472,440211727,5
136829,439135028,5
43898,812539281,5
98322,843948302,5
148142,552994928,5
135127,1875284966,5
240035,743455967,5
56585,142000205,5
148258,156027321,5
101209,517585839,5
72865,8802025290,5
204359,441136648,5
249361,451410750,5
189835,374651000,5
190524,374173710,5
81298,440208351,5
40635,880770143,5
60475,679431039,5
95316,380385880,5
11676,140124381,5
25981,440207622,5
248718,679781587,5
240883,1568842406,5
50141,765349671,5
185233,316177571,5
43043,B5401994,5
120365,373290004,5
86219,382897161X,5
90766,330351060,5
24694,889740321,5
49144,8466606564,5
128274,702220000,5
91103,809234300,5
229551,373250444,5
58363,670811769,5
72028,670840629,5
231393,198645260,5
36836,1570620776,5
67403,804108447,5
189835,812967232,5
94446,99435446,5
25981,61093491,5
73746,380791412,5
179521,676973094,5
189835,300078412,5
48970,375405445,5
140358,425053121,5
123883,425153789,5
77099,8423970787,5
61798,399150900,5
20700,451147960,5
77825,517574985,5
89891,8472831035,5
135241,8420639893,5
11676,8846200853,5
113944,380719142,5
245827,590483455,5
146641,312970617,5
244676,316781266,5
184479,515133418,5
217318,446600466,5
137190,751525766,5
241980,451156609,5
195430,8481300500,5
38191,684846098,5
243548,3442447380,5
227146,760719993,5
35836,671741438,5
60244,345345886,5
38660,671025333,5
104883,940322153,5
114368,345351525,5
141543,380455676,5
5287,067900856X,5
237064,446608262,5
6906,446607657,5
11676,767913744,5
190169,8401450780,5
217318,312963297,5
20918,9722023020,5
208671,515128554,5
102571,068486780X,5
186850,425151905,5
107784,689308892,5
54934,60393203,5
140036,393057445,5
35144,486295575,5
128033,156012197,5
130196,380723395,5
212965,821749021,5
130554,140385525,5
214829,312144075,5
135847,375727752,5
90620,842320598,5
185233,345297709,5
115488,038070613X,5
91026,340734701,5
153918,345281713,5
82220,553272535,5
174216,140126562,5
63252,938817442,5
101517,340206756,5
218452,207158452,5
114368,037325928X,5
23902,802136265,5
73303,440213282,5
136240,345387651,5
32314,385498802,5
208714,684859726,5
277605,8807701375,5
189835,375754210,5
18250,068484477X,5
175874,61054143,5
30806,316782505,5
189835,155778311X,5
39922,679455876,5
113661,316921173,5
52011,316544175,5
101315,767905180,5
126814,936861312,5
31468,312009755,5
223253,310329906,5
188659,151157936,5
6597,192833170,5
78834,60165987,5
83581,689846843,5
62919,20199708,5
43545,8845916324,5
56271,646060422,5
64726,2277220892,5
101191,3250104639,5
113292,385418027,5
145459,345370775,5
182085,373706898,5
128732,671695304,5
239638,452281679,5
183989,375500227,5
134621,208070379X,5
133905,1852425423,5
107784,440126819,5
178880,553801651,5
114368,671799355,5
181736,312971354,5
250709,553577751,5
185233,843105887,5
472,865732787,5
135241,8427012691,5
231857,014027684X,5
55751,316601950,5
16155,670801917,5
159977,670832847,5
170847,051510535X,5
141016,340104950X,5
52525,790116049,5
191728,451166892,5
41842,130614661,5
100594,676973612,5
139884,8478447229,5
173415,394558235,5
159004,393322157,5
165759,1561581747,5
95010,553270486,5
11676,297821792,5
49144,8482380184,5
189835,051510311X,5
94952,451455029,5
74655,3453131630,5
193734,345324684,5
236283,664213820,5
177295,804114986,5
133562,670030643,5
218721,844238996,5
7913,670031720,5
100053,375703055,5
246823,263828409,5
41103,6375227,5
195188,800713613,5
111190,446605581,5
90137,1573350001,5
224997,515112070,5
231210,671661574,5
192022,345409345,5
98988,425152022,5
142978,006105903X,5
83407,590460560,5
16795,030720314X,5
115003,091710272X,5
34087,425116840,5
88330,873958829,5
209464,2890212459,5
151002,440224780,5
11676,553250515,5
219389,8306013204,5
242269,345450051,5
79667,8425335620,5
213386,8817537551,5
208605,898791588,5
133192,330418149,5
49144,8440694407,5
107784,553480545,5
101234,3821807059,5
70990,671657860,5
131098,380816849,5
38273,1884364284,5
140358,446364037,5
145451,373272243,5
11676,3257060653,5
225935,671039288,5
216012,039914840X,5
49144,8422694123,5
162639,446533661,5
92652,609608738,5
135869,1580084702,5
115002,671689746,5
196108,836204158,5
278161,312870582,5
97906,373520360,5
114368,64400034,5
149907,399522115,5
240568,812544420,5
218836,553109839,5
203240,038547167X,5
49144,8477023239,5
185233,517694204,5
99801,140510958,5
101666,3453155890,5
30712,330286021,5
125171,1573225797,5
115120,553579827,5
184661,553261258,5
138425,553211684,5
230465,1123/8356,5
250709,1569711208,5
71234,743211383,5
90277,2070360210,5
207364,812577701,5
131779,031242227X,5
5163,689825587,5
144186,669471860,5
231210,1562801422,5
26248,446519081,5
73907,688163033,5
114007,425144429,5
49144,840802910X,5
56447,590415034,5
188513,451182960,5
39750,8467001283,5
112173,1565920015,5
277856,9728608225,5
95902,8423325911,5
228280,1880985594,5
189835,64460932,5
127200,786864133,5
231354,743200195,5
208936,804111898,5
18986,8426122108,5
33933,881500208,5
118533,786884347,5
102284,394553608,5
82391,553583573,5
220522,553277472,5
11676,805000739,5
48494,316113328,5
164323,451526341,5
237271,553565915,5
49144,8422678551,5
189835,078123039X,5
185233,679824251,5
96273,880381736,5
242891,553560441,5
173684,1856979342,5
123543,425180638,5
154543,679732411,5
35490,3404145356,5
11676,330487949,5
173109,671024248,5
57620,156004771,5
25048,99627604,5
211515,1899606068,5
23902,140062149,5
51883,440211891,5
243328,140232257,5
165582,804111146,5
239835,679446486,5
112093,807841315,5
167056,553572997,5
13875,8804411236,5
23771,425151867,5
166596,307001431,5
189835,140383948,5
90784,553256610,5
138932,345342968,5
76352,886778298,5
210299,590371177,5
136139,1582430853,5
244708,670032069,5
167243,9513508978,5
217318,425182843,5
189835,486277569,5
189835,440219744,5
30408,671034413,5
98745,1551668912,5
179327,671735896,5
158433,670858692,5
149366,067173069X,5
123883,671775367,5
145750,446690732,5
131974,1558743790,5
15418,1400030021,5
123883,671870963,5
26535,373196318,5
163600,60294698,5
189835,515112860,5
182212,345387813,5
95995,3379016829,5
157751,380804557,5
23902,345417992,5
108405,1583143513,5
56663,671731815,5
11676,425147622,5
123883,553290789,5
243759,60175680,5
82427,9024504295,5
95359,345306171,5
83637,014004311X,5
122147,3442437407,5
240568,375703055,5
75297,354836408X,5
161619,749396636,5
177968,425171493,5
12784,446527793,5
99929,771099894,5
67351,1878702351,5
107784,042510687X,5
97906,1583142533,5
100906,074343434X,5
16036,553574663,5
211610,2264023457,5
52350,006050918X,5
35408,385260954,5
145155,140076190,5
114988,151329168,5
185233,030711869X,5
242381,156007568,5
160449,1878346253,5
33656,1576734110,5
191815,61007153,5
44906,451459237,5
46892,671742922,5
182345,3499187809,5
123544,671042882,5
61038,451197917,5
47316,590412078,5
248250,671671383,5
106821,394720288,5
24194,451628039,5
70649,1556619952,5
248718,709185790,5
62193,60188731,5
125039,441008291,5
212694,743224574,5
111924,821739220,5
189835,8401492149,5
153091,375418415,5
111747,385485212,5
39488,1567183417,5
104812,385326742,5
235105,783894295,5
248718,553574787,5
11676,451208811,5
27231,553275976,5
242409,735201641,5
146321,375406182,5
65680,671885626,5
49144,8401377706,5
249246,771086598,5
223253,882073419,5
228111,373764758,5
126736,804111359,5
206388,088240041X,5
193148,595171354,5
162639,312983824,5
50129,61020648,5
186736,968150108X,5
178905,140231404,5
49144,8433923285,5
200562,1580631487,5
90049,553275976,5
189973,671739727,5
134487,3404147723,5
216262,971880107,5
14521,1573240389,5
142649,2253146307,5
240609,1551669013,5
220081,3548253431,5
119749,717283437,5
185233,590439103,5
93705,553578693,5
153662,380794292,5
70841,679425632,5
114368,385336314,5
42694,312868960,5
151087,1891135015,5
231393,1557830460,5
101550,1857156145,5
171118,771597266,5
35859,425167364,5
147847,816704686,5
156609,3499229935,5
49144,8401807239,5
118587,764551620,5
245827,1570644853,5
50007,451527569,5
179288,399138188,5
189835,679602356,5
35551,553583611,5
56861,743422910,5
189835,300031629,5
233361,812930991,5
162,451205197,5
39453,553252828,5
248718,671795627,5
21257,312974485,5
76873,553285653,5
246655,446322180,5
137190,033036734X,5
11676,9727070639,5
218552,059045370X,5
31000,307118988,5
67992,330291130,5
35445,1853260312,5
181207,61097101,5
9555,91883121,5
189835,031331053X,5
63918,1556611536,5
227771,1572972173,5
179019,553292722,5
28667,380789019,5
36782,671748742,5
125451,6167004,5
115692,440224845,5
147847,373243456,5
76499,962771309,5
232292,345386108,5
37293,590456601,5
153676,312306326,5
16795,451522222,5
189835,051509644X,5
123744,1558746455,5
84897,671776134,5
101517,842303685,5
127200,609808761,5
34465,30147166,5
36606,671869949,5
5956,743200330,5
131094,345422384,5
49144,842266030X,5
86260,3570500209,5
81247,9724117820,5
82825,786819146,5
99025,60938099,5
36606,156044293X,5
49683,684854163,5
90829,3423205903,5
114368,042517140X,5
189835,081618772X,5
155683,99581701,5
79186,451180232,5
194701,345452550,5
232773,439110920,5
147847,61099678,5
126736,312186568,5
212965,038079747X,5
110076,312209495,5
244627,449006530,5
36606,553089226,5
7864,671002929,5
131006,553576089,5
6575,449221393,5
246024,590466194,5
85280,941423697,5
71672,3499230739,5
189835,515063908,5
30507,862994780,5
208829,590108859,5
207326,877738807,5
117384,425122956,5
141902,451197747,5
165232,670894184,5
65088,671027360,5
219389,8321800602,5
136348,042516098X,5
189835,375756809,5
392,8477397856,5
109403,773759727,5
9417,440200563,5
134837,192810529,5
46229,671578448,5
210787,777777770,5
231210,452281334,5
2632,877958920,5
106862,805063897,5
236757,312983824,5
81128,3499426854,5
231081,044100301X,5
123430,446364193,5
123883,380776847,5
225731,520014502,5
217056,385333412,5
227276,586211616,4
11676,2070380343,4
189848,2266067397,4
92161,8482644173,4
114988,671040588,4
48691,291479701X,4
105517,140069631,4
129644,312482051,4
37881,553482203,4
126119,804830479,4
20147,767916069,4
11676,8420420413,4
187065,044022103X,4
11676,3453025237,4
178069,451191951,4
37644,059043893X,4
30985,380978091,4
156584,312421125,4
231821,743436210,4
141210,3545321991,4
180032,886772494,4
240403,3822865192,4
162562,140293248,4
121264,1566633966,4
169054,312958684,4
32764,451521579,4
168460,316115479,4
205383,451162145,4
42093,441304834,4
117593,409810258,4
7105,330367358,4
229551,412320304,4
140340,038040592X,4
2589,671034065,4
7158,375502238,4
156534,749316780,4
35859,721496164,4
111847,1579546463,4
234359,037351316X,4
3189,9722316573,4
139273,425176967,4
213790,1577483545,4
20755,1580082718,4
227631,039914207X,4
37567,99422042,4
74488,141002018,4
162264,380703149,4
158249,671018124,4
51983,345391802,4
90731,743435702,4
11676,8476726449,4
81560,553568949,4
223190,1559346590,4
137816,140042598,4
94376,60002492,4
49043,8804505796,4
90026,2266025651,4
38273,671759566,4
76499,425184943,4
276768,9057868059,4
224108,883682141,4
11676,553264532,4
23902,762102489,4
2655,8871335279,4
74358,316602906,4
113633,345478266,4
180386,345386108,4
97208,316782262,4
90138,330344625,4
3923,671798553,4
167442,671676555,4
77261,743422007,4
91342,006107635X,4
238231,140389989,4
49144,8422687739,4
36256,253200016,4
128406,1930051220,4
87688,3548256821,4
56307,446612308,4
246132,042511581X,4
73404,415186923,4
229313,671600419,4
180926,553106651,4
156190,8804427523,4
219574,679749063,4
95492,439114292,4
112093,440211727,4
138162,140293353,4
82801,1576732878,4
11676,3442413338,4
105295,3499221969,3
139078,385504209,3
176584,451175433,3
224904,373441673,3
212844,451162072,3
140758,033341411X,3
67402,671027662,3
81264,340746718,3
146207,449006530,3
59835,553274295,3
95359,425150275,3
213625,312262884,3
39467,8440694539,3
121264,345423402,3
64779,740719092,3
233564,345313860,3
206534,345426010,3
243077,1931514917,3
125053,971880107,3
52256,689845367,3
72742,590519336,3
166017,345253442,3
239748,034545782X,3
234828,60930535,3
220502,034545104X,3
175051,373707207,3
236267,61090913,3
201930,014062015X,3
54193,397011695,3
208568,515134864,3
15533,380729741,3
37891,067087311X,3
67547,1573223573,3
42093,425148297,3
175117,446611239,3
238630,345409671,3
49353,2070361101,3
40415,446611921,3
180727,553293389,3
164828,1575668696,3
202046,8408048368,3
109461,1580620809,3
43175,190260265X,3
169234,671027360,3
236355,553148923,3
207246,812048385,3
83646,312288115,3
11676,871139081,3
202652,1853260967,3
122660,3423701447,3
248718,877282684,3
69089,3453199960,3
220240,762411619,3
195904,345414942,3
190265,142437255,3
226517,330341421,3
134837,460873148,3
70554,671795740,3
79360,374208824,3
157978,902452458X,3
50681,316769487,3
238526,446605239,3
249556,1401301231,3
11132,3351028253,3
207499,688105548,3
222622,3442448646,3
110746,385491077,3
225953,886771986,3
44845,836231236,3
231897,425158594,3
71853,679724621,3
53338,1565048814,3
158971,821775472,3
195441,1551669374,2
224764,451149173,2
225912,679457704,2
127453,1555532209,2
198290,679721819,2
114988,679403922,2
135076,2,2
152435,937382000,2
97874,1891944002,2
34300,451165594,2
66942,804114986,2
217386,743204301,2
136782,679722645,2
186784,688170528,2
52676,330334026,2
131402,751501220,2
97874,446532452,2
240144,1587882116,2
133851,3442054761,2
49980,452264464,2
220364,679746048,2
219683,014005829X,2
246678,000649840X,2
237646,679766626,2
103918,3426623439,2
177515,3473580074,2
11676,055356370X,2
89891,9681459872,2
151079,312983271,2
11676,3442123496,2
223431,425181103,2
11676,312971281,1
114231,689855516,1
34465,807081035,1
163971,201332876,1
229551,373121180,1
124688,330482122,1
104545,345429303,1
103916,140064818,1
89891,9681555521,1
49933,1576440702,1
3768,61059137,1
6323,553581481,1
11676,8873122533,1
97874,874779588,1
233911,735614911,1
94946,679740236,1
56447,671496107,1
11676,571054447,1
97874,898798728,1
245441,142000981,1
76499,324041594,1
107645,8426155197,1
34300,142004235,1
